{
  "type": "FeatureCollection",
  "crs": {
    "type": "name",
    "properties": {
      "name": "urn:ogc:def:crs:OGC:1.3:CRS84"
    }
  },
  "features": [
    {
      "type": "Feature",
      "properties": {
        "scene": "00S465"
      },
      "geometry": {
        "type": "Point",
        "coordinates": [
          -45.75,
          -0.5
        ]
      }
    },
    {
      "type": "Feature",
      "properties": {
        "scene": "00S48_"
      },
      "geometry": {
        "type": "Point",
        "coordinates": [
          -47.25,
          -0.5
        ]
      }
    },
    {
      "type": "Feature",
      "properties": {
        "scene": "00S495"
      },
      "geometry": {
        "type": "Point",
        "coordinates": [
          -48.75,
          -0.5
        ]
      }
    },
    {
      "type": "Feature",
      "properties": {
        "scene": "00S51_"
      },
      "geometry": {
        "type": "Point",
        "coordinates": [
          -50.25,
          -0.5
        ]
      }
    },
    {
      "type": "Feature",
      "properties": {
        "scene": "00S525"
      },
      "geometry": {
        "type": "Point",
        "coordinates": [
          -51.75,
          -0.5
        ]
      }
    },
    {
      "type": "Feature",
      "properties": {
        "scene": "00S54_"
      },
      "geometry": {
        "type": "Point",
        "coordinates": [
          -53.25,
          -0.5
        ]
      }
    },
    {
      "type": "Feature",
      "properties": {
        "scene": "00S555"
      },
      "geometry": {
        "type": "Point",
        "coordinates": [
          -54.75,
          -0.5
        ]
      }
    },
    {
      "type": "Feature",
      "properties": {
        "scene": "00S57_"
      },
      "geometry": {
        "type": "Point",
        "coordinates": [
          -56.25,
          -0.5
        ]
      }
    },
    {
      "type": "Feature",
      "properties": {
        "scene": "00S585"
      },
      "geometry": {
        "type": "Point",
        "coordinates": [
          -57.75,
          -0.5
        ]
      }
    },
    {
      "type": "Feature",
      "properties": {
        "scene": "00S60_"
      },
      "geometry": {
        "type": "Point",
        "coordinates": [
          -59.25,
          -0.5
        ]
      }
    },
    {
      "type": "Feature",
      "properties": {
        "scene": "00S615"
      },
      "geometry": {
        "type": "Point",
        "coordinates": [
          -60.75,
          -0.5
        ]
      }
    },
    {
      "type": "Feature",
      "properties": {
        "scene": "00S63_"
      },
      "geometry": {
        "type": "Point",
        "coordinates": [
          -62.25,
          -0.5
        ]
      }
    },
    {
      "type": "Feature",
      "properties": {
        "scene": "00S645"
      },
      "geometry": {
        "type": "Point",
        "coordinates": [
          -63.75,
          -0.5
        ]
      }
    },
    {
      "type": "Feature",
      "properties": {
        "scene": "00S66_"
      },
      "geometry": {
        "type": "Point",
        "coordinates": [
          -65.25,
          -0.5
        ]
      }
    },
    {
      "type": "Feature",
      "properties": {
        "scene": "00S675"
      },
      "geometry": {
        "type": "Point",
        "coordinates": [
          -66.75,
          -0.5
        ]
      }
    },
    {
      "type": "Feature",
      "properties": {
        "scene": "00S69_"
      },
      "geometry": {
        "type": "Point",
        "coordinates": [
          -68.25,
          -0.5
        ]
      }
    },
    {
      "type": "Feature",
      "properties": {
        "scene": "00S705"
      },
      "geometry": {
        "type": "Point",
        "coordinates": [
          -69.75,
          -0.5
        ]
      }
    },
    {
      "type": "Feature",
      "properties": {
        "scene": "01S465"
      },
      "geometry": {
        "type": "Point",
        "coordinates": [
          -45.75,
          -1.5
        ]
      }
    },
    {
      "type": "Feature",
      "properties": {
        "scene": "01S48_"
      },
      "geometry": {
        "type": "Point",
        "coordinates": [
          -47.25,
          -1.5
        ]
      }
    },
    {
      "type": "Feature",
      "properties": {
        "scene": "01S495"
      },
      "geometry": {
        "type": "Point",
        "coordinates": [
          -48.75,
          -1.5
        ]
      }
    },
    {
      "type": "Feature",
      "properties": {
        "scene": "01S51_"
      },
      "geometry": {
        "type": "Point",
        "coordinates": [
          -50.25,
          -1.5
        ]
      }
    },
    {
      "type": "Feature",
      "properties": {
        "scene": "01S525"
      },
      "geometry": {
        "type": "Point",
        "coordinates": [
          -51.75,
          -1.5
        ]
      }
    },
    {
      "type": "Feature",
      "properties": {
        "scene": "01S54_"
      },
      "geometry": {
        "type": "Point",
        "coordinates": [
          -53.25,
          -1.5
        ]
      }
    },
    {
      "type": "Feature",
      "properties": {
        "scene": "01S555"
      },
      "geometry": {
        "type": "Point",
        "coordinates": [
          -54.75,
          -1.5
        ]
      }
    },
    {
      "type": "Feature",
      "properties": {
        "scene": "01S57_"
      },
      "geometry": {
        "type": "Point",
        "coordinates": [
          -56.25,
          -1.5
        ]
      }
    },
    {
      "type": "Feature",
      "properties": {
        "scene": "01S585"
      },
      "geometry": {
        "type": "Point",
        "coordinates": [
          -57.75,
          -1.5
        ]
      }
    },
    {
      "type": "Feature",
      "properties": {
        "scene": "01S60_"
      },
      "geometry": {
        "type": "Point",
        "coordinates": [
          -59.25,
          -1.5
        ]
      }
    },
    {
      "type": "Feature",
      "properties": {
        "scene": "01S615"
      },
      "geometry": {
        "type": "Point",
        "coordinates": [
          -60.75,
          -1.5
        ]
      }
    },
    {
      "type": "Feature",
      "properties": {
        "scene": "01S63_"
      },
      "geometry": {
        "type": "Point",
        "coordinates": [
          -62.25,
          -1.5
        ]
      }
    },
    {
      "type": "Feature",
      "properties": {
        "scene": "01S645"
      },
      "geometry": {
        "type": "Point",
        "coordinates": [
          -63.75,
          -1.5
        ]
      }
    },
    {
      "type": "Feature",
      "properties": {
        "scene": "01S66_"
      },
      "geometry": {
        "type": "Point",
        "coordinates": [
          -65.25,
          -1.5
        ]
      }
    },
    {
      "type": "Feature",
      "properties": {
        "scene": "01S675"
      },
      "geometry": {
        "type": "Point",
        "coordinates": [
          -66.75,
          -1.5
        ]
      }
    },
    {
      "type": "Feature",
      "properties": {
        "scene": "01S69_"
      },
      "geometry": {
        "type": "Point",
        "coordinates": [
          -68.25,
          -1.5
        ]
      }
    },
    {
      "type": "Feature",
      "properties": {
        "scene": "01S705"
      },
      "geometry": {
        "type": "Point",
        "coordinates": [
          -69.75,
          -1.5
        ]
      }
    },
    {
      "type": "Feature",
      "properties": {
        "scene": "02S405"
      },
      "geometry": {
        "type": "Point",
        "coordinates": [
          -39.75,
          -2.5
        ]
      }
    },
    {
      "type": "Feature",
      "properties": {
        "scene": "02S42_"
      },
      "geometry": {
        "type": "Point",
        "coordinates": [
          -41.25,
          -2.5
        ]
      }
    },
    {
      "type": "Feature",
      "properties": {
        "scene": "02S435"
      },
      "geometry": {
        "type": "Point",
        "coordinates": [
          -42.75,
          -2.5
        ]
      }
    },
    {
      "type": "Feature",
      "properties": {
        "scene": "02S45_"
      },
      "geometry": {
        "type": "Point",
        "coordinates": [
          -44.25,
          -2.5
        ]
      }
    },
    {
      "type": "Feature",
      "properties": {
        "scene": "02S465"
      },
      "geometry": {
        "type": "Point",
        "coordinates": [
          -45.75,
          -2.5
        ]
      }
    },
    {
      "type": "Feature",
      "properties": {
        "scene": "02S48_"
      },
      "geometry": {
        "type": "Point",
        "coordinates": [
          -47.25,
          -2.5
        ]
      }
    },
    {
      "type": "Feature",
      "properties": {
        "scene": "02S495"
      },
      "geometry": {
        "type": "Point",
        "coordinates": [
          -48.75,
          -2.5
        ]
      }
    },
    {
      "type": "Feature",
      "properties": {
        "scene": "02S51_"
      },
      "geometry": {
        "type": "Point",
        "coordinates": [
          -50.25,
          -2.5
        ]
      }
    },
    {
      "type": "Feature",
      "properties": {
        "scene": "02S525"
      },
      "geometry": {
        "type": "Point",
        "coordinates": [
          -51.75,
          -2.5
        ]
      }
    },
    {
      "type": "Feature",
      "properties": {
        "scene": "02S54_"
      },
      "geometry": {
        "type": "Point",
        "coordinates": [
          -53.25,
          -2.5
        ]
      }
    },
    {
      "type": "Feature",
      "properties": {
        "scene": "02S555"
      },
      "geometry": {
        "type": "Point",
        "coordinates": [
          -54.75,
          -2.5
        ]
      }
    },
    {
      "type": "Feature",
      "properties": {
        "scene": "02S57_"
      },
      "geometry": {
        "type": "Point",
        "coordinates": [
          -56.25,
          -2.5
        ]
      }
    },
    {
      "type": "Feature",
      "properties": {
        "scene": "02S585"
      },
      "geometry": {
        "type": "Point",
        "coordinates": [
          -57.75,
          -2.5
        ]
      }
    },
    {
      "type": "Feature",
      "properties": {
        "scene": "02S60_"
      },
      "geometry": {
        "type": "Point",
        "coordinates": [
          -59.25,
          -2.5
        ]
      }
    },
    {
      "type": "Feature",
      "properties": {
        "scene": "02S615"
      },
      "geometry": {
        "type": "Point",
        "coordinates": [
          -60.75,
          -2.5
        ]
      }
    },
    {
      "type": "Feature",
      "properties": {
        "scene": "02S63_"
      },
      "geometry": {
        "type": "Point",
        "coordinates": [
          -62.25,
          -2.5
        ]
      }
    },
    {
      "type": "Feature",
      "properties": {
        "scene": "02S645"
      },
      "geometry": {
        "type": "Point",
        "coordinates": [
          -63.75,
          -2.5
        ]
      }
    },
    {
      "type": "Feature",
      "properties": {
        "scene": "02S66_"
      },
      "geometry": {
        "type": "Point",
        "coordinates": [
          -65.25,
          -2.5
        ]
      }
    },
    {
      "type": "Feature",
      "properties": {
        "scene": "02S675"
      },
      "geometry": {
        "type": "Point",
        "coordinates": [
          -66.75,
          -2.5
        ]
      }
    },
    {
      "type": "Feature",
      "properties": {
        "scene": "02S69_"
      },
      "geometry": {
        "type": "Point",
        "coordinates": [
          -68.25,
          -2.5
        ]
      }
    },
    {
      "type": "Feature",
      "properties": {
        "scene": "02S705"
      },
      "geometry": {
        "type": "Point",
        "coordinates": [
          -69.75,
          -2.5
        ]
      }
    },
    {
      "type": "Feature",
      "properties": {
        "scene": "03S39_"
      },
      "geometry": {
        "type": "Point",
        "coordinates": [
          -38.25,
          -3.5
        ]
      }
    },
    {
      "type": "Feature",
      "properties": {
        "scene": "03S405"
      },
      "geometry": {
        "type": "Point",
        "coordinates": [
          -39.75,
          -3.5
        ]
      }
    },
    {
      "type": "Feature",
      "properties": {
        "scene": "03S42_"
      },
      "geometry": {
        "type": "Point",
        "coordinates": [
          -41.25,
          -3.5
        ]
      }
    },
    {
      "type": "Feature",
      "properties": {
        "scene": "03S435"
      },
      "geometry": {
        "type": "Point",
        "coordinates": [
          -42.75,
          -3.5
        ]
      }
    },
    {
      "type": "Feature",
      "properties": {
        "scene": "03S45_"
      },
      "geometry": {
        "type": "Point",
        "coordinates": [
          -44.25,
          -3.5
        ]
      }
    },
    {
      "type": "Feature",
      "properties": {
        "scene": "03S465"
      },
      "geometry": {
        "type": "Point",
        "coordinates": [
          -45.75,
          -3.5
        ]
      }
    },
    {
      "type": "Feature",
      "properties": {
        "scene": "03S48_"
      },
      "geometry": {
        "type": "Point",
        "coordinates": [
          -47.25,
          -3.5
        ]
      }
    },
    {
      "type": "Feature",
      "properties": {
        "scene": "03S495"
      },
      "geometry": {
        "type": "Point",
        "coordinates": [
          -48.75,
          -3.5
        ]
      }
    },
    {
      "type": "Feature",
      "properties": {
        "scene": "03S51_"
      },
      "geometry": {
        "type": "Point",
        "coordinates": [
          -50.25,
          -3.5
        ]
      }
    },
    {
      "type": "Feature",
      "properties": {
        "scene": "03S525"
      },
      "geometry": {
        "type": "Point",
        "coordinates": [
          -51.75,
          -3.5
        ]
      }
    },
    {
      "type": "Feature",
      "properties": {
        "scene": "03S54_"
      },
      "geometry": {
        "type": "Point",
        "coordinates": [
          -53.25,
          -3.5
        ]
      }
    },
    {
      "type": "Feature",
      "properties": {
        "scene": "03S555"
      },
      "geometry": {
        "type": "Point",
        "coordinates": [
          -54.75,
          -3.5
        ]
      }
    },
    {
      "type": "Feature",
      "properties": {
        "scene": "03S57_"
      },
      "geometry": {
        "type": "Point",
        "coordinates": [
          -56.25,
          -3.5
        ]
      }
    },
    {
      "type": "Feature",
      "properties": {
        "scene": "03S585"
      },
      "geometry": {
        "type": "Point",
        "coordinates": [
          -57.75,
          -3.5
        ]
      }
    },
    {
      "type": "Feature",
      "properties": {
        "scene": "03S60_"
      },
      "geometry": {
        "type": "Point",
        "coordinates": [
          -59.25,
          -3.5
        ]
      }
    },
    {
      "type": "Feature",
      "properties": {
        "scene": "03S615"
      },
      "geometry": {
        "type": "Point",
        "coordinates": [
          -60.75,
          -3.5
        ]
      }
    },
    {
      "type": "Feature",
      "properties": {
        "scene": "03S63_"
      },
      "geometry": {
        "type": "Point",
        "coordinates": [
          -62.25,
          -3.5
        ]
      }
    },
    {
      "type": "Feature",
      "properties": {
        "scene": "03S645"
      },
      "geometry": {
        "type": "Point",
        "coordinates": [
          -63.75,
          -3.5
        ]
      }
    },
    {
      "type": "Feature",
      "properties": {
        "scene": "03S66_"
      },
      "geometry": {
        "type": "Point",
        "coordinates": [
          -65.25,
          -3.5
        ]
      }
    },
    {
      "type": "Feature",
      "properties": {
        "scene": "03S675"
      },
      "geometry": {
        "type": "Point",
        "coordinates": [
          -66.75,
          -3.5
        ]
      }
    },
    {
      "type": "Feature",
      "properties": {
        "scene": "03S69_"
      },
      "geometry": {
        "type": "Point",
        "coordinates": [
          -68.25,
          -3.5
        ]
      }
    },
    {
      "type": "Feature",
      "properties": {
        "scene": "03S705"
      },
      "geometry": {
        "type": "Point",
        "coordinates": [
          -69.75,
          -3.5
        ]
      }
    },
    {
      "type": "Feature",
      "properties": {
        "scene": "04S375"
      },
      "geometry": {
        "type": "Point",
        "coordinates": [
          -36.75,
          -4.5
        ]
      }
    },
    {
      "type": "Feature",
      "properties": {
        "scene": "04S39_"
      },
      "geometry": {
        "type": "Point",
        "coordinates": [
          -38.25,
          -4.5
        ]
      }
    },
    {
      "type": "Feature",
      "properties": {
        "scene": "04S405"
      },
      "geometry": {
        "type": "Point",
        "coordinates": [
          -39.75,
          -4.5
        ]
      }
    },
    {
      "type": "Feature",
      "properties": {
        "scene": "04S42_"
      },
      "geometry": {
        "type": "Point",
        "coordinates": [
          -41.25,
          -4.5
        ]
      }
    },
    {
      "type": "Feature",
      "properties": {
        "scene": "04S435"
      },
      "geometry": {
        "type": "Point",
        "coordinates": [
          -42.75,
          -4.5
        ]
      }
    },
    {
      "type": "Feature",
      "properties": {
        "scene": "04S45_"
      },
      "geometry": {
        "type": "Point",
        "coordinates": [
          -44.25,
          -4.5
        ]
      }
    },
    {
      "type": "Feature",
      "properties": {
        "scene": "04S465"
      },
      "geometry": {
        "type": "Point",
        "coordinates": [
          -45.75,
          -4.5
        ]
      }
    },
    {
      "type": "Feature",
      "properties": {
        "scene": "04S48_"
      },
      "geometry": {
        "type": "Point",
        "coordinates": [
          -47.25,
          -4.5
        ]
      }
    },
    {
      "type": "Feature",
      "properties": {
        "scene": "04S495"
      },
      "geometry": {
        "type": "Point",
        "coordinates": [
          -48.75,
          -4.5
        ]
      }
    },
    {
      "type": "Feature",
      "properties": {
        "scene": "04S51_"
      },
      "geometry": {
        "type": "Point",
        "coordinates": [
          -50.25,
          -4.5
        ]
      }
    },
    {
      "type": "Feature",
      "properties": {
        "scene": "04S525"
      },
      "geometry": {
        "type": "Point",
        "coordinates": [
          -51.75,
          -4.5
        ]
      }
    },
    {
      "type": "Feature",
      "properties": {
        "scene": "04S54_"
      },
      "geometry": {
        "type": "Point",
        "coordinates": [
          -53.25,
          -4.5
        ]
      }
    },
    {
      "type": "Feature",
      "properties": {
        "scene": "04S555"
      },
      "geometry": {
        "type": "Point",
        "coordinates": [
          -54.75,
          -4.5
        ]
      }
    },
    {
      "type": "Feature",
      "properties": {
        "scene": "04S57_"
      },
      "geometry": {
        "type": "Point",
        "coordinates": [
          -56.25,
          -4.5
        ]
      }
    },
    {
      "type": "Feature",
      "properties": {
        "scene": "04S585"
      },
      "geometry": {
        "type": "Point",
        "coordinates": [
          -57.75,
          -4.5
        ]
      }
    },
    {
      "type": "Feature",
      "properties": {
        "scene": "04S60_"
      },
      "geometry": {
        "type": "Point",
        "coordinates": [
          -59.25,
          -4.5
        ]
      }
    },
    {
      "type": "Feature",
      "properties": {
        "scene": "04S615"
      },
      "geometry": {
        "type": "Point",
        "coordinates": [
          -60.75,
          -4.5
        ]
      }
    },
    {
      "type": "Feature",
      "properties": {
        "scene": "04S63_"
      },
      "geometry": {
        "type": "Point",
        "coordinates": [
          -62.25,
          -4.5
        ]
      }
    },
    {
      "type": "Feature",
      "properties": {
        "scene": "04S645"
      },
      "geometry": {
        "type": "Point",
        "coordinates": [
          -63.75,
          -4.5
        ]
      }
    },
    {
      "type": "Feature",
      "properties": {
        "scene": "04S66_"
      },
      "geometry": {
        "type": "Point",
        "coordinates": [
          -65.25,
          -4.5
        ]
      }
    },
    {
      "type": "Feature",
      "properties": {
        "scene": "04S675"
      },
      "geometry": {
        "type": "Point",
        "coordinates": [
          -66.75,
          -4.5
        ]
      }
    },
    {
      "type": "Feature",
      "properties": {
        "scene": "04S69_"
      },
      "geometry": {
        "type": "Point",
        "coordinates": [
          -68.25,
          -4.5
        ]
      }
    },
    {
      "type": "Feature",
      "properties": {
        "scene": "04S705"
      },
      "geometry": {
        "type": "Point",
        "coordinates": [
          -69.75,
          -4.5
        ]
      }
    },
    {
      "type": "Feature",
      "properties": {
        "scene": "04S72_"
      },
      "geometry": {
        "type": "Point",
        "coordinates": [
          -71.25,
          -4.5
        ]
      }
    },
    {
      "type": "Feature",
      "properties": {
        "scene": "04S735"
      },
      "geometry": {
        "type": "Point",
        "coordinates": [
          -72.75,
          -4.5
        ]
      }
    },
    {
      "type": "Feature",
      "properties": {
        "scene": "05S375"
      },
      "geometry": {
        "type": "Point",
        "coordinates": [
          -36.75,
          -5.5
        ]
      }
    },
    {
      "type": "Feature",
      "properties": {
        "scene": "05S39_"
      },
      "geometry": {
        "type": "Point",
        "coordinates": [
          -38.25,
          -5.5
        ]
      }
    },
    {
      "type": "Feature",
      "properties": {
        "scene": "05S405"
      },
      "geometry": {
        "type": "Point",
        "coordinates": [
          -39.75,
          -5.5
        ]
      }
    },
    {
      "type": "Feature",
      "properties": {
        "scene": "05S42_"
      },
      "geometry": {
        "type": "Point",
        "coordinates": [
          -41.25,
          -5.5
        ]
      }
    },
    {
      "type": "Feature",
      "properties": {
        "scene": "05S435"
      },
      "geometry": {
        "type": "Point",
        "coordinates": [
          -42.75,
          -5.5
        ]
      }
    },
    {
      "type": "Feature",
      "properties": {
        "scene": "05S45_"
      },
      "geometry": {
        "type": "Point",
        "coordinates": [
          -44.25,
          -5.5
        ]
      }
    },
    {
      "type": "Feature",
      "properties": {
        "scene": "05S465"
      },
      "geometry": {
        "type": "Point",
        "coordinates": [
          -45.75,
          -5.5
        ]
      }
    },
    {
      "type": "Feature",
      "properties": {
        "scene": "05S48_"
      },
      "geometry": {
        "type": "Point",
        "coordinates": [
          -47.25,
          -5.5
        ]
      }
    },
    {
      "type": "Feature",
      "properties": {
        "scene": "05S495"
      },
      "geometry": {
        "type": "Point",
        "coordinates": [
          -48.75,
          -5.5
        ]
      }
    },
    {
      "type": "Feature",
      "properties": {
        "scene": "05S51_"
      },
      "geometry": {
        "type": "Point",
        "coordinates": [
          -50.25,
          -5.5
        ]
      }
    },
    {
      "type": "Feature",
      "properties": {
        "scene": "05S525"
      },
      "geometry": {
        "type": "Point",
        "coordinates": [
          -51.75,
          -5.5
        ]
      }
    },
    {
      "type": "Feature",
      "properties": {
        "scene": "05S54_"
      },
      "geometry": {
        "type": "Point",
        "coordinates": [
          -53.25,
          -5.5
        ]
      }
    },
    {
      "type": "Feature",
      "properties": {
        "scene": "05S555"
      },
      "geometry": {
        "type": "Point",
        "coordinates": [
          -54.75,
          -5.5
        ]
      }
    },
    {
      "type": "Feature",
      "properties": {
        "scene": "05S57_"
      },
      "geometry": {
        "type": "Point",
        "coordinates": [
          -56.25,
          -5.5
        ]
      }
    },
    {
      "type": "Feature",
      "properties": {
        "scene": "05S585"
      },
      "geometry": {
        "type": "Point",
        "coordinates": [
          -57.75,
          -5.5
        ]
      }
    },
    {
      "type": "Feature",
      "properties": {
        "scene": "05S60_"
      },
      "geometry": {
        "type": "Point",
        "coordinates": [
          -59.25,
          -5.5
        ]
      }
    },
    {
      "type": "Feature",
      "properties": {
        "scene": "05S615"
      },
      "geometry": {
        "type": "Point",
        "coordinates": [
          -60.75,
          -5.5
        ]
      }
    },
    {
      "type": "Feature",
      "properties": {
        "scene": "05S63_"
      },
      "geometry": {
        "type": "Point",
        "coordinates": [
          -62.25,
          -5.5
        ]
      }
    },
    {
      "type": "Feature",
      "properties": {
        "scene": "05S645"
      },
      "geometry": {
        "type": "Point",
        "coordinates": [
          -63.75,
          -5.5
        ]
      }
    },
    {
      "type": "Feature",
      "properties": {
        "scene": "05S66_"
      },
      "geometry": {
        "type": "Point",
        "coordinates": [
          -65.25,
          -5.5
        ]
      }
    },
    {
      "type": "Feature",
      "properties": {
        "scene": "05S675"
      },
      "geometry": {
        "type": "Point",
        "coordinates": [
          -66.75,
          -5.5
        ]
      }
    },
    {
      "type": "Feature",
      "properties": {
        "scene": "05S69_"
      },
      "geometry": {
        "type": "Point",
        "coordinates": [
          -68.25,
          -5.5
        ]
      }
    },
    {
      "type": "Feature",
      "properties": {
        "scene": "05S705"
      },
      "geometry": {
        "type": "Point",
        "coordinates": [
          -69.75,
          -5.5
        ]
      }
    },
    {
      "type": "Feature",
      "properties": {
        "scene": "05S72_"
      },
      "geometry": {
        "type": "Point",
        "coordinates": [
          -71.25,
          -5.5
        ]
      }
    },
    {
      "type": "Feature",
      "properties": {
        "scene": "05S735"
      },
      "geometry": {
        "type": "Point",
        "coordinates": [
          -72.75,
          -5.5
        ]
      }
    },
    {
      "type": "Feature",
      "properties": {
        "scene": "06S36_"
      },
      "geometry": {
        "type": "Point",
        "coordinates": [
          -35.25,
          -6.5
        ]
      }
    },
    {
      "type": "Feature",
      "properties": {
        "scene": "06S375"
      },
      "geometry": {
        "type": "Point",
        "coordinates": [
          -36.75,
          -6.5
        ]
      }
    },
    {
      "type": "Feature",
      "properties": {
        "scene": "06S39_"
      },
      "geometry": {
        "type": "Point",
        "coordinates": [
          -38.25,
          -6.5
        ]
      }
    },
    {
      "type": "Feature",
      "properties": {
        "scene": "06S405"
      },
      "geometry": {
        "type": "Point",
        "coordinates": [
          -39.75,
          -6.5
        ]
      }
    },
    {
      "type": "Feature",
      "properties": {
        "scene": "06S42_"
      },
      "geometry": {
        "type": "Point",
        "coordinates": [
          -41.25,
          -6.5
        ]
      }
    },
    {
      "type": "Feature",
      "properties": {
        "scene": "06S435"
      },
      "geometry": {
        "type": "Point",
        "coordinates": [
          -42.75,
          -6.5
        ]
      }
    },
    {
      "type": "Feature",
      "properties": {
        "scene": "06S45_"
      },
      "geometry": {
        "type": "Point",
        "coordinates": [
          -44.25,
          -6.5
        ]
      }
    },
    {
      "type": "Feature",
      "properties": {
        "scene": "06S465"
      },
      "geometry": {
        "type": "Point",
        "coordinates": [
          -45.75,
          -6.5
        ]
      }
    },
    {
      "type": "Feature",
      "properties": {
        "scene": "06S48_"
      },
      "geometry": {
        "type": "Point",
        "coordinates": [
          -47.25,
          -6.5
        ]
      }
    },
    {
      "type": "Feature",
      "properties": {
        "scene": "06S495"
      },
      "geometry": {
        "type": "Point",
        "coordinates": [
          -48.75,
          -6.5
        ]
      }
    },
    {
      "type": "Feature",
      "properties": {
        "scene": "06S51_"
      },
      "geometry": {
        "type": "Point",
        "coordinates": [
          -50.25,
          -6.5
        ]
      }
    },
    {
      "type": "Feature",
      "properties": {
        "scene": "06S525"
      },
      "geometry": {
        "type": "Point",
        "coordinates": [
          -51.75,
          -6.5
        ]
      }
    },
    {
      "type": "Feature",
      "properties": {
        "scene": "06S54_"
      },
      "geometry": {
        "type": "Point",
        "coordinates": [
          -53.25,
          -6.5
        ]
      }
    },
    {
      "type": "Feature",
      "properties": {
        "scene": "06S555"
      },
      "geometry": {
        "type": "Point",
        "coordinates": [
          -54.75,
          -6.5
        ]
      }
    },
    {
      "type": "Feature",
      "properties": {
        "scene": "06S57_"
      },
      "geometry": {
        "type": "Point",
        "coordinates": [
          -56.25,
          -6.5
        ]
      }
    },
    {
      "type": "Feature",
      "properties": {
        "scene": "06S585"
      },
      "geometry": {
        "type": "Point",
        "coordinates": [
          -57.75,
          -6.5
        ]
      }
    },
    {
      "type": "Feature",
      "properties": {
        "scene": "06S60_"
      },
      "geometry": {
        "type": "Point",
        "coordinates": [
          -59.25,
          -6.5
        ]
      }
    },
    {
      "type": "Feature",
      "properties": {
        "scene": "06S615"
      },
      "geometry": {
        "type": "Point",
        "coordinates": [
          -60.75,
          -6.5
        ]
      }
    },
    {
      "type": "Feature",
      "properties": {
        "scene": "06S63_"
      },
      "geometry": {
        "type": "Point",
        "coordinates": [
          -62.25,
          -6.5
        ]
      }
    },
    {
      "type": "Feature",
      "properties": {
        "scene": "06S645"
      },
      "geometry": {
        "type": "Point",
        "coordinates": [
          -63.75,
          -6.5
        ]
      }
    },
    {
      "type": "Feature",
      "properties": {
        "scene": "06S66_"
      },
      "geometry": {
        "type": "Point",
        "coordinates": [
          -65.25,
          -6.5
        ]
      }
    },
    {
      "type": "Feature",
      "properties": {
        "scene": "06S675"
      },
      "geometry": {
        "type": "Point",
        "coordinates": [
          -66.75,
          -6.5
        ]
      }
    },
    {
      "type": "Feature",
      "properties": {
        "scene": "06S69_"
      },
      "geometry": {
        "type": "Point",
        "coordinates": [
          -68.25,
          -6.5
        ]
      }
    },
    {
      "type": "Feature",
      "properties": {
        "scene": "06S705"
      },
      "geometry": {
        "type": "Point",
        "coordinates": [
          -69.75,
          -6.5
        ]
      }
    },
    {
      "type": "Feature",
      "properties": {
        "scene": "06S72_"
      },
      "geometry": {
        "type": "Point",
        "coordinates": [
          -71.25,
          -6.5
        ]
      }
    },
    {
      "type": "Feature",
      "properties": {
        "scene": "06S735"
      },
      "geometry": {
        "type": "Point",
        "coordinates": [
          -72.75,
          -6.5
        ]
      }
    },
    {
      "type": "Feature",
      "properties": {
        "scene": "06S75_"
      },
      "geometry": {
        "type": "Point",
        "coordinates": [
          -74.25,
          -6.5
        ]
      }
    },
    {
      "type": "Feature",
      "properties": {
        "scene": "07S36_"
      },
      "geometry": {
        "type": "Point",
        "coordinates": [
          -35.25,
          -7.5
        ]
      }
    },
    {
      "type": "Feature",
      "properties": {
        "scene": "07S375"
      },
      "geometry": {
        "type": "Point",
        "coordinates": [
          -36.75,
          -7.5
        ]
      }
    },
    {
      "type": "Feature",
      "properties": {
        "scene": "07S39_"
      },
      "geometry": {
        "type": "Point",
        "coordinates": [
          -38.25,
          -7.5
        ]
      }
    },
    {
      "type": "Feature",
      "properties": {
        "scene": "07S405"
      },
      "geometry": {
        "type": "Point",
        "coordinates": [
          -39.75,
          -7.5
        ]
      }
    },
    {
      "type": "Feature",
      "properties": {
        "scene": "07S42_"
      },
      "geometry": {
        "type": "Point",
        "coordinates": [
          -41.25,
          -7.5
        ]
      }
    },
    {
      "type": "Feature",
      "properties": {
        "scene": "07S435"
      },
      "geometry": {
        "type": "Point",
        "coordinates": [
          -42.75,
          -7.5
        ]
      }
    },
    {
      "type": "Feature",
      "properties": {
        "scene": "07S45_"
      },
      "geometry": {
        "type": "Point",
        "coordinates": [
          -44.25,
          -7.5
        ]
      }
    },
    {
      "type": "Feature",
      "properties": {
        "scene": "07S465"
      },
      "geometry": {
        "type": "Point",
        "coordinates": [
          -45.75,
          -7.5
        ]
      }
    },
    {
      "type": "Feature",
      "properties": {
        "scene": "07S48_"
      },
      "geometry": {
        "type": "Point",
        "coordinates": [
          -47.25,
          -7.5
        ]
      }
    },
    {
      "type": "Feature",
      "properties": {
        "scene": "07S495"
      },
      "geometry": {
        "type": "Point",
        "coordinates": [
          -48.75,
          -7.5
        ]
      }
    },
    {
      "type": "Feature",
      "properties": {
        "scene": "07S51_"
      },
      "geometry": {
        "type": "Point",
        "coordinates": [
          -50.25,
          -7.5
        ]
      }
    },
    {
      "type": "Feature",
      "properties": {
        "scene": "07S525"
      },
      "geometry": {
        "type": "Point",
        "coordinates": [
          -51.75,
          -7.5
        ]
      }
    },
    {
      "type": "Feature",
      "properties": {
        "scene": "07S54_"
      },
      "geometry": {
        "type": "Point",
        "coordinates": [
          -53.25,
          -7.5
        ]
      }
    },
    {
      "type": "Feature",
      "properties": {
        "scene": "07S555"
      },
      "geometry": {
        "type": "Point",
        "coordinates": [
          -54.75,
          -7.5
        ]
      }
    },
    {
      "type": "Feature",
      "properties": {
        "scene": "07S57_"
      },
      "geometry": {
        "type": "Point",
        "coordinates": [
          -56.25,
          -7.5
        ]
      }
    },
    {
      "type": "Feature",
      "properties": {
        "scene": "07S585"
      },
      "geometry": {
        "type": "Point",
        "coordinates": [
          -57.75,
          -7.5
        ]
      }
    },
    {
      "type": "Feature",
      "properties": {
        "scene": "07S60_"
      },
      "geometry": {
        "type": "Point",
        "coordinates": [
          -59.25,
          -7.5
        ]
      }
    },
    {
      "type": "Feature",
      "properties": {
        "scene": "07S615"
      },
      "geometry": {
        "type": "Point",
        "coordinates": [
          -60.75,
          -7.5
        ]
      }
    },
    {
      "type": "Feature",
      "properties": {
        "scene": "07S63_"
      },
      "geometry": {
        "type": "Point",
        "coordinates": [
          -62.25,
          -7.5
        ]
      }
    },
    {
      "type": "Feature",
      "properties": {
        "scene": "07S645"
      },
      "geometry": {
        "type": "Point",
        "coordinates": [
          -63.75,
          -7.5
        ]
      }
    },
    {
      "type": "Feature",
      "properties": {
        "scene": "07S66_"
      },
      "geometry": {
        "type": "Point",
        "coordinates": [
          -65.25,
          -7.5
        ]
      }
    },
    {
      "type": "Feature",
      "properties": {
        "scene": "07S675"
      },
      "geometry": {
        "type": "Point",
        "coordinates": [
          -66.75,
          -7.5
        ]
      }
    },
    {
      "type": "Feature",
      "properties": {
        "scene": "07S69_"
      },
      "geometry": {
        "type": "Point",
        "coordinates": [
          -68.25,
          -7.5
        ]
      }
    },
    {
      "type": "Feature",
      "properties": {
        "scene": "07S705"
      },
      "geometry": {
        "type": "Point",
        "coordinates": [
          -69.75,
          -7.5
        ]
      }
    },
    {
      "type": "Feature",
      "properties": {
        "scene": "07S72_"
      },
      "geometry": {
        "type": "Point",
        "coordinates": [
          -71.25,
          -7.5
        ]
      }
    },
    {
      "type": "Feature",
      "properties": {
        "scene": "07S735"
      },
      "geometry": {
        "type": "Point",
        "coordinates": [
          -72.75,
          -7.5
        ]
      }
    },
    {
      "type": "Feature",
      "properties": {
        "scene": "07S75_"
      },
      "geometry": {
        "type": "Point",
        "coordinates": [
          -74.25,
          -7.5
        ]
      }
    },
    {
      "type": "Feature",
      "properties": {
        "scene": "08S36_"
      },
      "geometry": {
        "type": "Point",
        "coordinates": [
          -35.25,
          -8.5
        ]
      }
    },
    {
      "type": "Feature",
      "properties": {
        "scene": "08S375"
      },
      "geometry": {
        "type": "Point",
        "coordinates": [
          -36.75,
          -8.5
        ]
      }
    },
    {
      "type": "Feature",
      "properties": {
        "scene": "08S39_"
      },
      "geometry": {
        "type": "Point",
        "coordinates": [
          -38.25,
          -8.5
        ]
      }
    },
    {
      "type": "Feature",
      "properties": {
        "scene": "08S405"
      },
      "geometry": {
        "type": "Point",
        "coordinates": [
          -39.75,
          -8.5
        ]
      }
    },
    {
      "type": "Feature",
      "properties": {
        "scene": "08S42_"
      },
      "geometry": {
        "type": "Point",
        "coordinates": [
          -41.25,
          -8.5
        ]
      }
    },
    {
      "type": "Feature",
      "properties": {
        "scene": "08S435"
      },
      "geometry": {
        "type": "Point",
        "coordinates": [
          -42.75,
          -8.5
        ]
      }
    },
    {
      "type": "Feature",
      "properties": {
        "scene": "08S45_"
      },
      "geometry": {
        "type": "Point",
        "coordinates": [
          -44.25,
          -8.5
        ]
      }
    },
    {
      "type": "Feature",
      "properties": {
        "scene": "08S465"
      },
      "geometry": {
        "type": "Point",
        "coordinates": [
          -45.75,
          -8.5
        ]
      }
    },
    {
      "type": "Feature",
      "properties": {
        "scene": "08S48_"
      },
      "geometry": {
        "type": "Point",
        "coordinates": [
          -47.25,
          -8.5
        ]
      }
    },
    {
      "type": "Feature",
      "properties": {
        "scene": "08S495"
      },
      "geometry": {
        "type": "Point",
        "coordinates": [
          -48.75,
          -8.5
        ]
      }
    },
    {
      "type": "Feature",
      "properties": {
        "scene": "08S51_"
      },
      "geometry": {
        "type": "Point",
        "coordinates": [
          -50.25,
          -8.5
        ]
      }
    },
    {
      "type": "Feature",
      "properties": {
        "scene": "08S525"
      },
      "geometry": {
        "type": "Point",
        "coordinates": [
          -51.75,
          -8.5
        ]
      }
    },
    {
      "type": "Feature",
      "properties": {
        "scene": "08S54_"
      },
      "geometry": {
        "type": "Point",
        "coordinates": [
          -53.25,
          -8.5
        ]
      }
    },
    {
      "type": "Feature",
      "properties": {
        "scene": "08S555"
      },
      "geometry": {
        "type": "Point",
        "coordinates": [
          -54.75,
          -8.5
        ]
      }
    },
    {
      "type": "Feature",
      "properties": {
        "scene": "08S57_"
      },
      "geometry": {
        "type": "Point",
        "coordinates": [
          -56.25,
          -8.5
        ]
      }
    },
    {
      "type": "Feature",
      "properties": {
        "scene": "08S585"
      },
      "geometry": {
        "type": "Point",
        "coordinates": [
          -57.75,
          -8.5
        ]
      }
    },
    {
      "type": "Feature",
      "properties": {
        "scene": "08S60_"
      },
      "geometry": {
        "type": "Point",
        "coordinates": [
          -59.25,
          -8.5
        ]
      }
    },
    {
      "type": "Feature",
      "properties": {
        "scene": "08S615"
      },
      "geometry": {
        "type": "Point",
        "coordinates": [
          -60.75,
          -8.5
        ]
      }
    },
    {
      "type": "Feature",
      "properties": {
        "scene": "08S63_"
      },
      "geometry": {
        "type": "Point",
        "coordinates": [
          -62.25,
          -8.5
        ]
      }
    },
    {
      "type": "Feature",
      "properties": {
        "scene": "08S645"
      },
      "geometry": {
        "type": "Point",
        "coordinates": [
          -63.75,
          -8.5
        ]
      }
    },
    {
      "type": "Feature",
      "properties": {
        "scene": "08S66_"
      },
      "geometry": {
        "type": "Point",
        "coordinates": [
          -65.25,
          -8.5
        ]
      }
    },
    {
      "type": "Feature",
      "properties": {
        "scene": "08S675"
      },
      "geometry": {
        "type": "Point",
        "coordinates": [
          -66.75,
          -8.5
        ]
      }
    },
    {
      "type": "Feature",
      "properties": {
        "scene": "08S69_"
      },
      "geometry": {
        "type": "Point",
        "coordinates": [
          -68.25,
          -8.5
        ]
      }
    },
    {
      "type": "Feature",
      "properties": {
        "scene": "08S705"
      },
      "geometry": {
        "type": "Point",
        "coordinates": [
          -69.75,
          -8.5
        ]
      }
    },
    {
      "type": "Feature",
      "properties": {
        "scene": "08S72_"
      },
      "geometry": {
        "type": "Point",
        "coordinates": [
          -71.25,
          -8.5
        ]
      }
    },
    {
      "type": "Feature",
      "properties": {
        "scene": "08S735"
      },
      "geometry": {
        "type": "Point",
        "coordinates": [
          -72.75,
          -8.5
        ]
      }
    },
    {
      "type": "Feature",
      "properties": {
        "scene": "08S75_"
      },
      "geometry": {
        "type": "Point",
        "coordinates": [
          -74.25,
          -8.5
        ]
      }
    },
    {
      "type": "Feature",
      "properties": {
        "scene": "09S375"
      },
      "geometry": {
        "type": "Point",
        "coordinates": [
          -36.75,
          -9.5
        ]
      }
    },
    {
      "type": "Feature",
      "properties": {
        "scene": "09S39_"
      },
      "geometry": {
        "type": "Point",
        "coordinates": [
          -38.25,
          -9.5
        ]
      }
    },
    {
      "type": "Feature",
      "properties": {
        "scene": "09S405"
      },
      "geometry": {
        "type": "Point",
        "coordinates": [
          -39.75,
          -9.5
        ]
      }
    },
    {
      "type": "Feature",
      "properties": {
        "scene": "09S42_"
      },
      "geometry": {
        "type": "Point",
        "coordinates": [
          -41.25,
          -9.5
        ]
      }
    },
    {
      "type": "Feature",
      "properties": {
        "scene": "09S435"
      },
      "geometry": {
        "type": "Point",
        "coordinates": [
          -42.75,
          -9.5
        ]
      }
    },
    {
      "type": "Feature",
      "properties": {
        "scene": "09S45_"
      },
      "geometry": {
        "type": "Point",
        "coordinates": [
          -44.25,
          -9.5
        ]
      }
    },
    {
      "type": "Feature",
      "properties": {
        "scene": "09S465"
      },
      "geometry": {
        "type": "Point",
        "coordinates": [
          -45.75,
          -9.5
        ]
      }
    },
    {
      "type": "Feature",
      "properties": {
        "scene": "09S48_"
      },
      "geometry": {
        "type": "Point",
        "coordinates": [
          -47.25,
          -9.5
        ]
      }
    },
    {
      "type": "Feature",
      "properties": {
        "scene": "09S495"
      },
      "geometry": {
        "type": "Point",
        "coordinates": [
          -48.75,
          -9.5
        ]
      }
    },
    {
      "type": "Feature",
      "properties": {
        "scene": "09S51_"
      },
      "geometry": {
        "type": "Point",
        "coordinates": [
          -50.25,
          -9.5
        ]
      }
    },
    {
      "type": "Feature",
      "properties": {
        "scene": "09S525"
      },
      "geometry": {
        "type": "Point",
        "coordinates": [
          -51.75,
          -9.5
        ]
      }
    },
    {
      "type": "Feature",
      "properties": {
        "scene": "09S54_"
      },
      "geometry": {
        "type": "Point",
        "coordinates": [
          -53.25,
          -9.5
        ]
      }
    },
    {
      "type": "Feature",
      "properties": {
        "scene": "09S555"
      },
      "geometry": {
        "type": "Point",
        "coordinates": [
          -54.75,
          -9.5
        ]
      }
    },
    {
      "type": "Feature",
      "properties": {
        "scene": "09S57_"
      },
      "geometry": {
        "type": "Point",
        "coordinates": [
          -56.25,
          -9.5
        ]
      }
    },
    {
      "type": "Feature",
      "properties": {
        "scene": "09S585"
      },
      "geometry": {
        "type": "Point",
        "coordinates": [
          -57.75,
          -9.5
        ]
      }
    },
    {
      "type": "Feature",
      "properties": {
        "scene": "09S60_"
      },
      "geometry": {
        "type": "Point",
        "coordinates": [
          -59.25,
          -9.5
        ]
      }
    },
    {
      "type": "Feature",
      "properties": {
        "scene": "09S615"
      },
      "geometry": {
        "type": "Point",
        "coordinates": [
          -60.75,
          -9.5
        ]
      }
    },
    {
      "type": "Feature",
      "properties": {
        "scene": "09S63_"
      },
      "geometry": {
        "type": "Point",
        "coordinates": [
          -62.25,
          -9.5
        ]
      }
    },
    {
      "type": "Feature",
      "properties": {
        "scene": "09S645"
      },
      "geometry": {
        "type": "Point",
        "coordinates": [
          -63.75,
          -9.5
        ]
      }
    },
    {
      "type": "Feature",
      "properties": {
        "scene": "09S66_"
      },
      "geometry": {
        "type": "Point",
        "coordinates": [
          -65.25,
          -9.5
        ]
      }
    },
    {
      "type": "Feature",
      "properties": {
        "scene": "09S675"
      },
      "geometry": {
        "type": "Point",
        "coordinates": [
          -66.75,
          -9.5
        ]
      }
    },
    {
      "type": "Feature",
      "properties": {
        "scene": "09S69_"
      },
      "geometry": {
        "type": "Point",
        "coordinates": [
          -68.25,
          -9.5
        ]
      }
    },
    {
      "type": "Feature",
      "properties": {
        "scene": "09S705"
      },
      "geometry": {
        "type": "Point",
        "coordinates": [
          -69.75,
          -9.5
        ]
      }
    },
    {
      "type": "Feature",
      "properties": {
        "scene": "09S72_"
      },
      "geometry": {
        "type": "Point",
        "coordinates": [
          -71.25,
          -9.5
        ]
      }
    },
    {
      "type": "Feature",
      "properties": {
        "scene": "09S735"
      },
      "geometry": {
        "type": "Point",
        "coordinates": [
          -72.75,
          -9.5
        ]
      }
    },
    {
      "type": "Feature",
      "properties": {
        "scene": "10S375"
      },
      "geometry": {
        "type": "Point",
        "coordinates": [
          -36.75,
          -10.5
        ]
      }
    },
    {
      "type": "Feature",
      "properties": {
        "scene": "10S39_"
      },
      "geometry": {
        "type": "Point",
        "coordinates": [
          -38.25,
          -10.5
        ]
      }
    },
    {
      "type": "Feature",
      "properties": {
        "scene": "10S405"
      },
      "geometry": {
        "type": "Point",
        "coordinates": [
          -39.75,
          -10.5
        ]
      }
    },
    {
      "type": "Feature",
      "properties": {
        "scene": "10S42_"
      },
      "geometry": {
        "type": "Point",
        "coordinates": [
          -41.25,
          -10.5
        ]
      }
    },
    {
      "type": "Feature",
      "properties": {
        "scene": "10S435"
      },
      "geometry": {
        "type": "Point",
        "coordinates": [
          -42.75,
          -10.5
        ]
      }
    },
    {
      "type": "Feature",
      "properties": {
        "scene": "10S45_"
      },
      "geometry": {
        "type": "Point",
        "coordinates": [
          -44.25,
          -10.5
        ]
      }
    },
    {
      "type": "Feature",
      "properties": {
        "scene": "10S465"
      },
      "geometry": {
        "type": "Point",
        "coordinates": [
          -45.75,
          -10.5
        ]
      }
    },
    {
      "type": "Feature",
      "properties": {
        "scene": "10S48_"
      },
      "geometry": {
        "type": "Point",
        "coordinates": [
          -47.25,
          -10.5
        ]
      }
    },
    {
      "type": "Feature",
      "properties": {
        "scene": "10S495"
      },
      "geometry": {
        "type": "Point",
        "coordinates": [
          -48.75,
          -10.5
        ]
      }
    },
    {
      "type": "Feature",
      "properties": {
        "scene": "10S51_"
      },
      "geometry": {
        "type": "Point",
        "coordinates": [
          -50.25,
          -10.5
        ]
      }
    },
    {
      "type": "Feature",
      "properties": {
        "scene": "10S525"
      },
      "geometry": {
        "type": "Point",
        "coordinates": [
          -51.75,
          -10.5
        ]
      }
    },
    {
      "type": "Feature",
      "properties": {
        "scene": "10S54_"
      },
      "geometry": {
        "type": "Point",
        "coordinates": [
          -53.25,
          -10.5
        ]
      }
    },
    {
      "type": "Feature",
      "properties": {
        "scene": "10S555"
      },
      "geometry": {
        "type": "Point",
        "coordinates": [
          -54.75,
          -10.5
        ]
      }
    },
    {
      "type": "Feature",
      "properties": {
        "scene": "10S57_"
      },
      "geometry": {
        "type": "Point",
        "coordinates": [
          -56.25,
          -10.5
        ]
      }
    },
    {
      "type": "Feature",
      "properties": {
        "scene": "10S585"
      },
      "geometry": {
        "type": "Point",
        "coordinates": [
          -57.75,
          -10.5
        ]
      }
    },
    {
      "type": "Feature",
      "properties": {
        "scene": "10S60_"
      },
      "geometry": {
        "type": "Point",
        "coordinates": [
          -59.25,
          -10.5
        ]
      }
    },
    {
      "type": "Feature",
      "properties": {
        "scene": "10S615"
      },
      "geometry": {
        "type": "Point",
        "coordinates": [
          -60.75,
          -10.5
        ]
      }
    },
    {
      "type": "Feature",
      "properties": {
        "scene": "10S63_"
      },
      "geometry": {
        "type": "Point",
        "coordinates": [
          -62.25,
          -10.5
        ]
      }
    },
    {
      "type": "Feature",
      "properties": {
        "scene": "10S645"
      },
      "geometry": {
        "type": "Point",
        "coordinates": [
          -63.75,
          -10.5
        ]
      }
    },
    {
      "type": "Feature",
      "properties": {
        "scene": "10S66_"
      },
      "geometry": {
        "type": "Point",
        "coordinates": [
          -65.25,
          -10.5
        ]
      }
    },
    {
      "type": "Feature",
      "properties": {
        "scene": "10S675"
      },
      "geometry": {
        "type": "Point",
        "coordinates": [
          -66.75,
          -10.5
        ]
      }
    },
    {
      "type": "Feature",
      "properties": {
        "scene": "10S69_"
      },
      "geometry": {
        "type": "Point",
        "coordinates": [
          -68.25,
          -10.5
        ]
      }
    },
    {
      "type": "Feature",
      "properties": {
        "scene": "10S705"
      },
      "geometry": {
        "type": "Point",
        "coordinates": [
          -69.75,
          -10.5
        ]
      }
    },
    {
      "type": "Feature",
      "properties": {
        "scene": "10S72_"
      },
      "geometry": {
        "type": "Point",
        "coordinates": [
          -71.25,
          -10.5
        ]
      }
    },
    {
      "type": "Feature",
      "properties": {
        "scene": "10S735"
      },
      "geometry": {
        "type": "Point",
        "coordinates": [
          -72.75,
          -10.5
        ]
      }
    },
    {
      "type": "Feature",
      "properties": {
        "scene": "11S39_"
      },
      "geometry": {
        "type": "Point",
        "coordinates": [
          -38.25,
          -11.5
        ]
      }
    },
    {
      "type": "Feature",
      "properties": {
        "scene": "11S405"
      },
      "geometry": {
        "type": "Point",
        "coordinates": [
          -39.75,
          -11.5
        ]
      }
    },
    {
      "type": "Feature",
      "properties": {
        "scene": "11S42_"
      },
      "geometry": {
        "type": "Point",
        "coordinates": [
          -41.25,
          -11.5
        ]
      }
    },
    {
      "type": "Feature",
      "properties": {
        "scene": "11S435"
      },
      "geometry": {
        "type": "Point",
        "coordinates": [
          -42.75,
          -11.5
        ]
      }
    },
    {
      "type": "Feature",
      "properties": {
        "scene": "11S45_"
      },
      "geometry": {
        "type": "Point",
        "coordinates": [
          -44.25,
          -11.5
        ]
      }
    },
    {
      "type": "Feature",
      "properties": {
        "scene": "11S465"
      },
      "geometry": {
        "type": "Point",
        "coordinates": [
          -45.75,
          -11.5
        ]
      }
    },
    {
      "type": "Feature",
      "properties": {
        "scene": "11S48_"
      },
      "geometry": {
        "type": "Point",
        "coordinates": [
          -47.25,
          -11.5
        ]
      }
    },
    {
      "type": "Feature",
      "properties": {
        "scene": "11S495"
      },
      "geometry": {
        "type": "Point",
        "coordinates": [
          -48.75,
          -11.5
        ]
      }
    },
    {
      "type": "Feature",
      "properties": {
        "scene": "11S51_"
      },
      "geometry": {
        "type": "Point",
        "coordinates": [
          -50.25,
          -11.5
        ]
      }
    },
    {
      "type": "Feature",
      "properties": {
        "scene": "11S525"
      },
      "geometry": {
        "type": "Point",
        "coordinates": [
          -51.75,
          -11.5
        ]
      }
    },
    {
      "type": "Feature",
      "properties": {
        "scene": "11S54_"
      },
      "geometry": {
        "type": "Point",
        "coordinates": [
          -53.25,
          -11.5
        ]
      }
    },
    {
      "type": "Feature",
      "properties": {
        "scene": "11S555"
      },
      "geometry": {
        "type": "Point",
        "coordinates": [
          -54.75,
          -11.5
        ]
      }
    },
    {
      "type": "Feature",
      "properties": {
        "scene": "11S57_"
      },
      "geometry": {
        "type": "Point",
        "coordinates": [
          -56.25,
          -11.5
        ]
      }
    },
    {
      "type": "Feature",
      "properties": {
        "scene": "11S585"
      },
      "geometry": {
        "type": "Point",
        "coordinates": [
          -57.75,
          -11.5
        ]
      }
    },
    {
      "type": "Feature",
      "properties": {
        "scene": "11S60_"
      },
      "geometry": {
        "type": "Point",
        "coordinates": [
          -59.25,
          -11.5
        ]
      }
    },
    {
      "type": "Feature",
      "properties": {
        "scene": "11S615"
      },
      "geometry": {
        "type": "Point",
        "coordinates": [
          -60.75,
          -11.5
        ]
      }
    },
    {
      "type": "Feature",
      "properties": {
        "scene": "11S63_"
      },
      "geometry": {
        "type": "Point",
        "coordinates": [
          -62.25,
          -11.5
        ]
      }
    },
    {
      "type": "Feature",
      "properties": {
        "scene": "11S645"
      },
      "geometry": {
        "type": "Point",
        "coordinates": [
          -63.75,
          -11.5
        ]
      }
    },
    {
      "type": "Feature",
      "properties": {
        "scene": "11S66_"
      },
      "geometry": {
        "type": "Point",
        "coordinates": [
          -65.25,
          -11.5
        ]
      }
    },
    {
      "type": "Feature",
      "properties": {
        "scene": "11S69_"
      },
      "geometry": {
        "type": "Point",
        "coordinates": [
          -68.25,
          -11.5
        ]
      }
    },
    {
      "type": "Feature",
      "properties": {
        "scene": "11S705"
      },
      "geometry": {
        "type": "Point",
        "coordinates": [
          -69.75,
          -11.5
        ]
      }
    },
    {
      "type": "Feature",
      "properties": {
        "scene": "11S72_"
      },
      "geometry": {
        "type": "Point",
        "coordinates": [
          -71.25,
          -11.5
        ]
      }
    },
    {
      "type": "Feature",
      "properties": {
        "scene": "12S39_"
      },
      "geometry": {
        "type": "Point",
        "coordinates": [
          -38.25,
          -12.5
        ]
      }
    },
    {
      "type": "Feature",
      "properties": {
        "scene": "12S405"
      },
      "geometry": {
        "type": "Point",
        "coordinates": [
          -39.75,
          -12.5
        ]
      }
    },
    {
      "type": "Feature",
      "properties": {
        "scene": "12S42_"
      },
      "geometry": {
        "type": "Point",
        "coordinates": [
          -41.25,
          -12.5
        ]
      }
    },
    {
      "type": "Feature",
      "properties": {
        "scene": "12S435"
      },
      "geometry": {
        "type": "Point",
        "coordinates": [
          -42.75,
          -12.5
        ]
      }
    },
    {
      "type": "Feature",
      "properties": {
        "scene": "12S45_"
      },
      "geometry": {
        "type": "Point",
        "coordinates": [
          -44.25,
          -12.5
        ]
      }
    },
    {
      "type": "Feature",
      "properties": {
        "scene": "12S465"
      },
      "geometry": {
        "type": "Point",
        "coordinates": [
          -45.75,
          -12.5
        ]
      }
    },
    {
      "type": "Feature",
      "properties": {
        "scene": "12S48_"
      },
      "geometry": {
        "type": "Point",
        "coordinates": [
          -47.25,
          -12.5
        ]
      }
    },
    {
      "type": "Feature",
      "properties": {
        "scene": "12S495"
      },
      "geometry": {
        "type": "Point",
        "coordinates": [
          -48.75,
          -12.5
        ]
      }
    },
    {
      "type": "Feature",
      "properties": {
        "scene": "12S51_"
      },
      "geometry": {
        "type": "Point",
        "coordinates": [
          -50.25,
          -12.5
        ]
      }
    },
    {
      "type": "Feature",
      "properties": {
        "scene": "12S525"
      },
      "geometry": {
        "type": "Point",
        "coordinates": [
          -51.75,
          -12.5
        ]
      }
    },
    {
      "type": "Feature",
      "properties": {
        "scene": "12S54_"
      },
      "geometry": {
        "type": "Point",
        "coordinates": [
          -53.25,
          -12.5
        ]
      }
    },
    {
      "type": "Feature",
      "properties": {
        "scene": "12S555"
      },
      "geometry": {
        "type": "Point",
        "coordinates": [
          -54.75,
          -12.5
        ]
      }
    },
    {
      "type": "Feature",
      "properties": {
        "scene": "12S57_"
      },
      "geometry": {
        "type": "Point",
        "coordinates": [
          -56.25,
          -12.5
        ]
      }
    },
    {
      "type": "Feature",
      "properties": {
        "scene": "12S585"
      },
      "geometry": {
        "type": "Point",
        "coordinates": [
          -57.75,
          -12.5
        ]
      }
    },
    {
      "type": "Feature",
      "properties": {
        "scene": "12S60_"
      },
      "geometry": {
        "type": "Point",
        "coordinates": [
          -59.25,
          -12.5
        ]
      }
    },
    {
      "type": "Feature",
      "properties": {
        "scene": "12S615"
      },
      "geometry": {
        "type": "Point",
        "coordinates": [
          -60.75,
          -12.5
        ]
      }
    },
    {
      "type": "Feature",
      "properties": {
        "scene": "12S63_"
      },
      "geometry": {
        "type": "Point",
        "coordinates": [
          -62.25,
          -12.5
        ]
      }
    },
    {
      "type": "Feature",
      "properties": {
        "scene": "12S645"
      },
      "geometry": {
        "type": "Point",
        "coordinates": [
          -63.75,
          -12.5
        ]
      }
    },
    {
      "type": "Feature",
      "properties": {
        "scene": "12S66_"
      },
      "geometry": {
        "type": "Point",
        "coordinates": [
          -65.25,
          -12.5
        ]
      }
    },
    {
      "type": "Feature",
      "properties": {
        "scene": "13S39_"
      },
      "geometry": {
        "type": "Point",
        "coordinates": [
          -38.25,
          -13.5
        ]
      }
    },
    {
      "type": "Feature",
      "properties": {
        "scene": "13S405"
      },
      "geometry": {
        "type": "Point",
        "coordinates": [
          -39.75,
          -13.5
        ]
      }
    },
    {
      "type": "Feature",
      "properties": {
        "scene": "13S42_"
      },
      "geometry": {
        "type": "Point",
        "coordinates": [
          -41.25,
          -13.5
        ]
      }
    },
    {
      "type": "Feature",
      "properties": {
        "scene": "13S435"
      },
      "geometry": {
        "type": "Point",
        "coordinates": [
          -42.75,
          -13.5
        ]
      }
    },
    {
      "type": "Feature",
      "properties": {
        "scene": "13S45_"
      },
      "geometry": {
        "type": "Point",
        "coordinates": [
          -44.25,
          -13.5
        ]
      }
    },
    {
      "type": "Feature",
      "properties": {
        "scene": "13S465"
      },
      "geometry": {
        "type": "Point",
        "coordinates": [
          -45.75,
          -13.5
        ]
      }
    },
    {
      "type": "Feature",
      "properties": {
        "scene": "13S48_"
      },
      "geometry": {
        "type": "Point",
        "coordinates": [
          -47.25,
          -13.5
        ]
      }
    },
    {
      "type": "Feature",
      "properties": {
        "scene": "13S495"
      },
      "geometry": {
        "type": "Point",
        "coordinates": [
          -48.75,
          -13.5
        ]
      }
    },
    {
      "type": "Feature",
      "properties": {
        "scene": "13S51_"
      },
      "geometry": {
        "type": "Point",
        "coordinates": [
          -50.25,
          -13.5
        ]
      }
    },
    {
      "type": "Feature",
      "properties": {
        "scene": "13S525"
      },
      "geometry": {
        "type": "Point",
        "coordinates": [
          -51.75,
          -13.5
        ]
      }
    },
    {
      "type": "Feature",
      "properties": {
        "scene": "13S54_"
      },
      "geometry": {
        "type": "Point",
        "coordinates": [
          -53.25,
          -13.5
        ]
      }
    },
    {
      "type": "Feature",
      "properties": {
        "scene": "13S555"
      },
      "geometry": {
        "type": "Point",
        "coordinates": [
          -54.75,
          -13.5
        ]
      }
    },
    {
      "type": "Feature",
      "properties": {
        "scene": "13S57_"
      },
      "geometry": {
        "type": "Point",
        "coordinates": [
          -56.25,
          -13.5
        ]
      }
    },
    {
      "type": "Feature",
      "properties": {
        "scene": "13S585"
      },
      "geometry": {
        "type": "Point",
        "coordinates": [
          -57.75,
          -13.5
        ]
      }
    },
    {
      "type": "Feature",
      "properties": {
        "scene": "13S60_"
      },
      "geometry": {
        "type": "Point",
        "coordinates": [
          -59.25,
          -13.5
        ]
      }
    },
    {
      "type": "Feature",
      "properties": {
        "scene": "13S615"
      },
      "geometry": {
        "type": "Point",
        "coordinates": [
          -60.75,
          -13.5
        ]
      }
    },
    {
      "type": "Feature",
      "properties": {
        "scene": "13S63_"
      },
      "geometry": {
        "type": "Point",
        "coordinates": [
          -62.25,
          -13.5
        ]
      }
    },
    {
      "type": "Feature",
      "properties": {
        "scene": "14S39_"
      },
      "geometry": {
        "type": "Point",
        "coordinates": [
          -38.25,
          -14.5
        ]
      }
    },
    {
      "type": "Feature",
      "properties": {
        "scene": "14S405"
      },
      "geometry": {
        "type": "Point",
        "coordinates": [
          -39.75,
          -14.5
        ]
      }
    },
    {
      "type": "Feature",
      "properties": {
        "scene": "14S42_"
      },
      "geometry": {
        "type": "Point",
        "coordinates": [
          -41.25,
          -14.5
        ]
      }
    },
    {
      "type": "Feature",
      "properties": {
        "scene": "14S435"
      },
      "geometry": {
        "type": "Point",
        "coordinates": [
          -42.75,
          -14.5
        ]
      }
    },
    {
      "type": "Feature",
      "properties": {
        "scene": "14S45_"
      },
      "geometry": {
        "type": "Point",
        "coordinates": [
          -44.25,
          -14.5
        ]
      }
    },
    {
      "type": "Feature",
      "properties": {
        "scene": "14S465"
      },
      "geometry": {
        "type": "Point",
        "coordinates": [
          -45.75,
          -14.5
        ]
      }
    },
    {
      "type": "Feature",
      "properties": {
        "scene": "14S48_"
      },
      "geometry": {
        "type": "Point",
        "coordinates": [
          -47.25,
          -14.5
        ]
      }
    },
    {
      "type": "Feature",
      "properties": {
        "scene": "14S495"
      },
      "geometry": {
        "type": "Point",
        "coordinates": [
          -48.75,
          -14.5
        ]
      }
    },
    {
      "type": "Feature",
      "properties": {
        "scene": "14S51_"
      },
      "geometry": {
        "type": "Point",
        "coordinates": [
          -50.25,
          -14.5
        ]
      }
    },
    {
      "type": "Feature",
      "properties": {
        "scene": "14S525"
      },
      "geometry": {
        "type": "Point",
        "coordinates": [
          -51.75,
          -14.5
        ]
      }
    },
    {
      "type": "Feature",
      "properties": {
        "scene": "14S54_"
      },
      "geometry": {
        "type": "Point",
        "coordinates": [
          -53.25,
          -14.5
        ]
      }
    },
    {
      "type": "Feature",
      "properties": {
        "scene": "14S555"
      },
      "geometry": {
        "type": "Point",
        "coordinates": [
          -54.75,
          -14.5
        ]
      }
    },
    {
      "type": "Feature",
      "properties": {
        "scene": "14S57_"
      },
      "geometry": {
        "type": "Point",
        "coordinates": [
          -56.25,
          -14.5
        ]
      }
    },
    {
      "type": "Feature",
      "properties": {
        "scene": "14S585"
      },
      "geometry": {
        "type": "Point",
        "coordinates": [
          -57.75,
          -14.5
        ]
      }
    },
    {
      "type": "Feature",
      "properties": {
        "scene": "14S60_"
      },
      "geometry": {
        "type": "Point",
        "coordinates": [
          -59.25,
          -14.5
        ]
      }
    },
    {
      "type": "Feature",
      "properties": {
        "scene": "14S615"
      },
      "geometry": {
        "type": "Point",
        "coordinates": [
          -60.75,
          -14.5
        ]
      }
    },
    {
      "type": "Feature",
      "properties": {
        "scene": "01N495"
      },
      "geometry": {
        "type": "Point",
        "coordinates": [
          -48.75,
          0.5
        ]
      }
    },
    {
      "type": "Feature",
      "properties": {
        "scene": "01N51_"
      },
      "geometry": {
        "type": "Point",
        "coordinates": [
          -50.25,
          0.5
        ]
      }
    },
    {
      "type": "Feature",
      "properties": {
        "scene": "01N525"
      },
      "geometry": {
        "type": "Point",
        "coordinates": [
          -51.75,
          0.5
        ]
      }
    },
    {
      "type": "Feature",
      "properties": {
        "scene": "15S39_"
      },
      "geometry": {
        "type": "Point",
        "coordinates": [
          -38.25,
          -15.5
        ]
      }
    },
    {
      "type": "Feature",
      "properties": {
        "scene": "15S405"
      },
      "geometry": {
        "type": "Point",
        "coordinates": [
          -39.75,
          -15.5
        ]
      }
    },
    {
      "type": "Feature",
      "properties": {
        "scene": "15S42_"
      },
      "geometry": {
        "type": "Point",
        "coordinates": [
          -41.25,
          -15.5
        ]
      }
    },
    {
      "type": "Feature",
      "properties": {
        "scene": "15S435"
      },
      "geometry": {
        "type": "Point",
        "coordinates": [
          -42.75,
          -15.5
        ]
      }
    },
    {
      "type": "Feature",
      "properties": {
        "scene": "15S45_"
      },
      "geometry": {
        "type": "Point",
        "coordinates": [
          -44.25,
          -15.5
        ]
      }
    },
    {
      "type": "Feature",
      "properties": {
        "scene": "15S465"
      },
      "geometry": {
        "type": "Point",
        "coordinates": [
          -45.75,
          -15.5
        ]
      }
    },
    {
      "type": "Feature",
      "properties": {
        "scene": "15S48_"
      },
      "geometry": {
        "type": "Point",
        "coordinates": [
          -47.25,
          -15.5
        ]
      }
    },
    {
      "type": "Feature",
      "properties": {
        "scene": "15S495"
      },
      "geometry": {
        "type": "Point",
        "coordinates": [
          -48.75,
          -15.5
        ]
      }
    },
    {
      "type": "Feature",
      "properties": {
        "scene": "01N54_"
      },
      "geometry": {
        "type": "Point",
        "coordinates": [
          -53.25,
          0.5
        ]
      }
    },
    {
      "type": "Feature",
      "properties": {
        "scene": "15S51_"
      },
      "geometry": {
        "type": "Point",
        "coordinates": [
          -50.25,
          -15.5
        ]
      }
    },
    {
      "type": "Feature",
      "properties": {
        "scene": "15S525"
      },
      "geometry": {
        "type": "Point",
        "coordinates": [
          -51.75,
          -15.5
        ]
      }
    },
    {
      "type": "Feature",
      "properties": {
        "scene": "15S54_"
      },
      "geometry": {
        "type": "Point",
        "coordinates": [
          -53.25,
          -15.5
        ]
      }
    },
    {
      "type": "Feature",
      "properties": {
        "scene": "15S555"
      },
      "geometry": {
        "type": "Point",
        "coordinates": [
          -54.75,
          -15.5
        ]
      }
    },
    {
      "type": "Feature",
      "properties": {
        "scene": "01N555"
      },
      "geometry": {
        "type": "Point",
        "coordinates": [
          -54.75,
          0.5
        ]
      }
    },
    {
      "type": "Feature",
      "properties": {
        "scene": "15S57_"
      },
      "geometry": {
        "type": "Point",
        "coordinates": [
          -56.25,
          -15.5
        ]
      }
    },
    {
      "type": "Feature",
      "properties": {
        "scene": "15S585"
      },
      "geometry": {
        "type": "Point",
        "coordinates": [
          -57.75,
          -15.5
        ]
      }
    },
    {
      "type": "Feature",
      "properties": {
        "scene": "15S60_"
      },
      "geometry": {
        "type": "Point",
        "coordinates": [
          -59.25,
          -15.5
        ]
      }
    },
    {
      "type": "Feature",
      "properties": {
        "scene": "15S615"
      },
      "geometry": {
        "type": "Point",
        "coordinates": [
          -60.75,
          -15.5
        ]
      }
    },
    {
      "type": "Feature",
      "properties": {
        "scene": "01N57_"
      },
      "geometry": {
        "type": "Point",
        "coordinates": [
          -56.25,
          0.5
        ]
      }
    },
    {
      "type": "Feature",
      "properties": {
        "scene": "01N585"
      },
      "geometry": {
        "type": "Point",
        "coordinates": [
          -57.75,
          0.5
        ]
      }
    },
    {
      "type": "Feature",
      "properties": {
        "scene": "01N60_"
      },
      "geometry": {
        "type": "Point",
        "coordinates": [
          -59.25,
          0.5
        ]
      }
    },
    {
      "type": "Feature",
      "properties": {
        "scene": "01N615"
      },
      "geometry": {
        "type": "Point",
        "coordinates": [
          -60.75,
          0.5
        ]
      }
    },
    {
      "type": "Feature",
      "properties": {
        "scene": "16S39_"
      },
      "geometry": {
        "type": "Point",
        "coordinates": [
          -38.25,
          -16.5
        ]
      }
    },
    {
      "type": "Feature",
      "properties": {
        "scene": "01N63_"
      },
      "geometry": {
        "type": "Point",
        "coordinates": [
          -62.25,
          0.5
        ]
      }
    },
    {
      "type": "Feature",
      "properties": {
        "scene": "16S405"
      },
      "geometry": {
        "type": "Point",
        "coordinates": [
          -39.75,
          -16.5
        ]
      }
    },
    {
      "type": "Feature",
      "properties": {
        "scene": "16S42_"
      },
      "geometry": {
        "type": "Point",
        "coordinates": [
          -41.25,
          -16.5
        ]
      }
    },
    {
      "type": "Feature",
      "properties": {
        "scene": "16S435"
      },
      "geometry": {
        "type": "Point",
        "coordinates": [
          -42.75,
          -16.5
        ]
      }
    },
    {
      "type": "Feature",
      "properties": {
        "scene": "01N645"
      },
      "geometry": {
        "type": "Point",
        "coordinates": [
          -63.75,
          0.5
        ]
      }
    },
    {
      "type": "Feature",
      "properties": {
        "scene": "16S45_"
      },
      "geometry": {
        "type": "Point",
        "coordinates": [
          -44.25,
          -16.5
        ]
      }
    },
    {
      "type": "Feature",
      "properties": {
        "scene": "16S465"
      },
      "geometry": {
        "type": "Point",
        "coordinates": [
          -45.75,
          -16.5
        ]
      }
    },
    {
      "type": "Feature",
      "properties": {
        "scene": "16S48_"
      },
      "geometry": {
        "type": "Point",
        "coordinates": [
          -47.25,
          -16.5
        ]
      }
    },
    {
      "type": "Feature",
      "properties": {
        "scene": "16S495"
      },
      "geometry": {
        "type": "Point",
        "coordinates": [
          -48.75,
          -16.5
        ]
      }
    },
    {
      "type": "Feature",
      "properties": {
        "scene": "16S51_"
      },
      "geometry": {
        "type": "Point",
        "coordinates": [
          -50.25,
          -16.5
        ]
      }
    },
    {
      "type": "Feature",
      "properties": {
        "scene": "16S525"
      },
      "geometry": {
        "type": "Point",
        "coordinates": [
          -51.75,
          -16.5
        ]
      }
    },
    {
      "type": "Feature",
      "properties": {
        "scene": "16S54_"
      },
      "geometry": {
        "type": "Point",
        "coordinates": [
          -53.25,
          -16.5
        ]
      }
    },
    {
      "type": "Feature",
      "properties": {
        "scene": "16S555"
      },
      "geometry": {
        "type": "Point",
        "coordinates": [
          -54.75,
          -16.5
        ]
      }
    },
    {
      "type": "Feature",
      "properties": {
        "scene": "16S57_"
      },
      "geometry": {
        "type": "Point",
        "coordinates": [
          -56.25,
          -16.5
        ]
      }
    },
    {
      "type": "Feature",
      "properties": {
        "scene": "16S585"
      },
      "geometry": {
        "type": "Point",
        "coordinates": [
          -57.75,
          -16.5
        ]
      }
    },
    {
      "type": "Feature",
      "properties": {
        "scene": "16S60_"
      },
      "geometry": {
        "type": "Point",
        "coordinates": [
          -59.25,
          -16.5
        ]
      }
    },
    {
      "type": "Feature",
      "properties": {
        "scene": "16S615"
      },
      "geometry": {
        "type": "Point",
        "coordinates": [
          -60.75,
          -16.5
        ]
      }
    },
    {
      "type": "Feature",
      "properties": {
        "scene": "01N66_"
      },
      "geometry": {
        "type": "Point",
        "coordinates": [
          -65.25,
          0.5
        ]
      }
    },
    {
      "type": "Feature",
      "properties": {
        "scene": "01N675"
      },
      "geometry": {
        "type": "Point",
        "coordinates": [
          -66.75,
          0.5
        ]
      }
    },
    {
      "type": "Feature",
      "properties": {
        "scene": "01N69_"
      },
      "geometry": {
        "type": "Point",
        "coordinates": [
          -68.25,
          0.5
        ]
      }
    },
    {
      "type": "Feature",
      "properties": {
        "scene": "01N705"
      },
      "geometry": {
        "type": "Point",
        "coordinates": [
          -69.75,
          0.5
        ]
      }
    },
    {
      "type": "Feature",
      "properties": {
        "scene": "17S405"
      },
      "geometry": {
        "type": "Point",
        "coordinates": [
          -39.75,
          -17.5
        ]
      }
    },
    {
      "type": "Feature",
      "properties": {
        "scene": "17S42_"
      },
      "geometry": {
        "type": "Point",
        "coordinates": [
          -41.25,
          -17.5
        ]
      }
    },
    {
      "type": "Feature",
      "properties": {
        "scene": "17S435"
      },
      "geometry": {
        "type": "Point",
        "coordinates": [
          -42.75,
          -17.5
        ]
      }
    },
    {
      "type": "Feature",
      "properties": {
        "scene": "17S45_"
      },
      "geometry": {
        "type": "Point",
        "coordinates": [
          -44.25,
          -17.5
        ]
      }
    },
    {
      "type": "Feature",
      "properties": {
        "scene": "17S465"
      },
      "geometry": {
        "type": "Point",
        "coordinates": [
          -45.75,
          -17.5
        ]
      }
    },
    {
      "type": "Feature",
      "properties": {
        "scene": "17S48_"
      },
      "geometry": {
        "type": "Point",
        "coordinates": [
          -47.25,
          -17.5
        ]
      }
    },
    {
      "type": "Feature",
      "properties": {
        "scene": "17S495"
      },
      "geometry": {
        "type": "Point",
        "coordinates": [
          -48.75,
          -17.5
        ]
      }
    },
    {
      "type": "Feature",
      "properties": {
        "scene": "17S51_"
      },
      "geometry": {
        "type": "Point",
        "coordinates": [
          -50.25,
          -17.5
        ]
      }
    },
    {
      "type": "Feature",
      "properties": {
        "scene": "17S525"
      },
      "geometry": {
        "type": "Point",
        "coordinates": [
          -51.75,
          -17.5
        ]
      }
    },
    {
      "type": "Feature",
      "properties": {
        "scene": "17S54_"
      },
      "geometry": {
        "type": "Point",
        "coordinates": [
          -53.25,
          -17.5
        ]
      }
    },
    {
      "type": "Feature",
      "properties": {
        "scene": "17S555"
      },
      "geometry": {
        "type": "Point",
        "coordinates": [
          -54.75,
          -17.5
        ]
      }
    },
    {
      "type": "Feature",
      "properties": {
        "scene": "17S57_"
      },
      "geometry": {
        "type": "Point",
        "coordinates": [
          -56.25,
          -17.5
        ]
      }
    },
    {
      "type": "Feature",
      "properties": {
        "scene": "17S585"
      },
      "geometry": {
        "type": "Point",
        "coordinates": [
          -57.75,
          -17.5
        ]
      }
    },
    {
      "type": "Feature",
      "properties": {
        "scene": "18S405"
      },
      "geometry": {
        "type": "Point",
        "coordinates": [
          -39.75,
          -18.5
        ]
      }
    },
    {
      "type": "Feature",
      "properties": {
        "scene": "18S42_"
      },
      "geometry": {
        "type": "Point",
        "coordinates": [
          -41.25,
          -18.5
        ]
      }
    },
    {
      "type": "Feature",
      "properties": {
        "scene": "18S435"
      },
      "geometry": {
        "type": "Point",
        "coordinates": [
          -42.75,
          -18.5
        ]
      }
    },
    {
      "type": "Feature",
      "properties": {
        "scene": "18S45_"
      },
      "geometry": {
        "type": "Point",
        "coordinates": [
          -44.25,
          -18.5
        ]
      }
    },
    {
      "type": "Feature",
      "properties": {
        "scene": "18S465"
      },
      "geometry": {
        "type": "Point",
        "coordinates": [
          -45.75,
          -18.5
        ]
      }
    },
    {
      "type": "Feature",
      "properties": {
        "scene": "18S48_"
      },
      "geometry": {
        "type": "Point",
        "coordinates": [
          -47.25,
          -18.5
        ]
      }
    },
    {
      "type": "Feature",
      "properties": {
        "scene": "18S495"
      },
      "geometry": {
        "type": "Point",
        "coordinates": [
          -48.75,
          -18.5
        ]
      }
    },
    {
      "type": "Feature",
      "properties": {
        "scene": "18S51_"
      },
      "geometry": {
        "type": "Point",
        "coordinates": [
          -50.25,
          -18.5
        ]
      }
    },
    {
      "type": "Feature",
      "properties": {
        "scene": "18S525"
      },
      "geometry": {
        "type": "Point",
        "coordinates": [
          -51.75,
          -18.5
        ]
      }
    },
    {
      "type": "Feature",
      "properties": {
        "scene": "18S54_"
      },
      "geometry": {
        "type": "Point",
        "coordinates": [
          -53.25,
          -18.5
        ]
      }
    },
    {
      "type": "Feature",
      "properties": {
        "scene": "18S555"
      },
      "geometry": {
        "type": "Point",
        "coordinates": [
          -54.75,
          -18.5
        ]
      }
    },
    {
      "type": "Feature",
      "properties": {
        "scene": "18S57_"
      },
      "geometry": {
        "type": "Point",
        "coordinates": [
          -56.25,
          -18.5
        ]
      }
    },
    {
      "type": "Feature",
      "properties": {
        "scene": "18S585"
      },
      "geometry": {
        "type": "Point",
        "coordinates": [
          -57.75,
          -18.5
        ]
      }
    },
    {
      "type": "Feature",
      "properties": {
        "scene": "19S405"
      },
      "geometry": {
        "type": "Point",
        "coordinates": [
          -39.75,
          -19.5
        ]
      }
    },
    {
      "type": "Feature",
      "properties": {
        "scene": "19S42_"
      },
      "geometry": {
        "type": "Point",
        "coordinates": [
          -41.25,
          -19.5
        ]
      }
    },
    {
      "type": "Feature",
      "properties": {
        "scene": "19S435"
      },
      "geometry": {
        "type": "Point",
        "coordinates": [
          -42.75,
          -19.5
        ]
      }
    },
    {
      "type": "Feature",
      "properties": {
        "scene": "19S45_"
      },
      "geometry": {
        "type": "Point",
        "coordinates": [
          -44.25,
          -19.5
        ]
      }
    },
    {
      "type": "Feature",
      "properties": {
        "scene": "19S465"
      },
      "geometry": {
        "type": "Point",
        "coordinates": [
          -45.75,
          -19.5
        ]
      }
    },
    {
      "type": "Feature",
      "properties": {
        "scene": "19S48_"
      },
      "geometry": {
        "type": "Point",
        "coordinates": [
          -47.25,
          -19.5
        ]
      }
    },
    {
      "type": "Feature",
      "properties": {
        "scene": "19S495"
      },
      "geometry": {
        "type": "Point",
        "coordinates": [
          -48.75,
          -19.5
        ]
      }
    },
    {
      "type": "Feature",
      "properties": {
        "scene": "19S51_"
      },
      "geometry": {
        "type": "Point",
        "coordinates": [
          -50.25,
          -19.5
        ]
      }
    },
    {
      "type": "Feature",
      "properties": {
        "scene": "19S525"
      },
      "geometry": {
        "type": "Point",
        "coordinates": [
          -51.75,
          -19.5
        ]
      }
    },
    {
      "type": "Feature",
      "properties": {
        "scene": "19S54_"
      },
      "geometry": {
        "type": "Point",
        "coordinates": [
          -53.25,
          -19.5
        ]
      }
    },
    {
      "type": "Feature",
      "properties": {
        "scene": "19S555"
      },
      "geometry": {
        "type": "Point",
        "coordinates": [
          -54.75,
          -19.5
        ]
      }
    },
    {
      "type": "Feature",
      "properties": {
        "scene": "19S57_"
      },
      "geometry": {
        "type": "Point",
        "coordinates": [
          -56.25,
          -19.5
        ]
      }
    },
    {
      "type": "Feature",
      "properties": {
        "scene": "19S585"
      },
      "geometry": {
        "type": "Point",
        "coordinates": [
          -57.75,
          -19.5
        ]
      }
    },
    {
      "type": "Feature",
      "properties": {
        "scene": "20S405"
      },
      "geometry": {
        "type": "Point",
        "coordinates": [
          -39.75,
          -20.5
        ]
      }
    },
    {
      "type": "Feature",
      "properties": {
        "scene": "20S42_"
      },
      "geometry": {
        "type": "Point",
        "coordinates": [
          -41.25,
          -20.5
        ]
      }
    },
    {
      "type": "Feature",
      "properties": {
        "scene": "20S435"
      },
      "geometry": {
        "type": "Point",
        "coordinates": [
          -42.75,
          -20.5
        ]
      }
    },
    {
      "type": "Feature",
      "properties": {
        "scene": "20S45_"
      },
      "geometry": {
        "type": "Point",
        "coordinates": [
          -44.25,
          -20.5
        ]
      }
    },
    {
      "type": "Feature",
      "properties": {
        "scene": "20S465"
      },
      "geometry": {
        "type": "Point",
        "coordinates": [
          -45.75,
          -20.5
        ]
      }
    },
    {
      "type": "Feature",
      "properties": {
        "scene": "20S48_"
      },
      "geometry": {
        "type": "Point",
        "coordinates": [
          -47.25,
          -20.5
        ]
      }
    },
    {
      "type": "Feature",
      "properties": {
        "scene": "20S495"
      },
      "geometry": {
        "type": "Point",
        "coordinates": [
          -48.75,
          -20.5
        ]
      }
    },
    {
      "type": "Feature",
      "properties": {
        "scene": "20S51_"
      },
      "geometry": {
        "type": "Point",
        "coordinates": [
          -50.25,
          -20.5
        ]
      }
    },
    {
      "type": "Feature",
      "properties": {
        "scene": "20S525"
      },
      "geometry": {
        "type": "Point",
        "coordinates": [
          -51.75,
          -20.5
        ]
      }
    },
    {
      "type": "Feature",
      "properties": {
        "scene": "20S54_"
      },
      "geometry": {
        "type": "Point",
        "coordinates": [
          -53.25,
          -20.5
        ]
      }
    },
    {
      "type": "Feature",
      "properties": {
        "scene": "20S555"
      },
      "geometry": {
        "type": "Point",
        "coordinates": [
          -54.75,
          -20.5
        ]
      }
    },
    {
      "type": "Feature",
      "properties": {
        "scene": "20S57_"
      },
      "geometry": {
        "type": "Point",
        "coordinates": [
          -56.25,
          -20.5
        ]
      }
    },
    {
      "type": "Feature",
      "properties": {
        "scene": "20S585"
      },
      "geometry": {
        "type": "Point",
        "coordinates": [
          -57.75,
          -20.5
        ]
      }
    },
    {
      "type": "Feature",
      "properties": {
        "scene": "21S42_"
      },
      "geometry": {
        "type": "Point",
        "coordinates": [
          -41.25,
          -21.5
        ]
      }
    },
    {
      "type": "Feature",
      "properties": {
        "scene": "21S435"
      },
      "geometry": {
        "type": "Point",
        "coordinates": [
          -42.75,
          -21.5
        ]
      }
    },
    {
      "type": "Feature",
      "properties": {
        "scene": "21S45_"
      },
      "geometry": {
        "type": "Point",
        "coordinates": [
          -44.25,
          -21.5
        ]
      }
    },
    {
      "type": "Feature",
      "properties": {
        "scene": "21S465"
      },
      "geometry": {
        "type": "Point",
        "coordinates": [
          -45.75,
          -21.5
        ]
      }
    },
    {
      "type": "Feature",
      "properties": {
        "scene": "21S48_"
      },
      "geometry": {
        "type": "Point",
        "coordinates": [
          -47.25,
          -21.5
        ]
      }
    },
    {
      "type": "Feature",
      "properties": {
        "scene": "21S495"
      },
      "geometry": {
        "type": "Point",
        "coordinates": [
          -48.75,
          -21.5
        ]
      }
    },
    {
      "type": "Feature",
      "properties": {
        "scene": "21S51_"
      },
      "geometry": {
        "type": "Point",
        "coordinates": [
          -50.25,
          -21.5
        ]
      }
    },
    {
      "type": "Feature",
      "properties": {
        "scene": "21S525"
      },
      "geometry": {
        "type": "Point",
        "coordinates": [
          -51.75,
          -21.5
        ]
      }
    },
    {
      "type": "Feature",
      "properties": {
        "scene": "21S54_"
      },
      "geometry": {
        "type": "Point",
        "coordinates": [
          -53.25,
          -21.5
        ]
      }
    },
    {
      "type": "Feature",
      "properties": {
        "scene": "21S555"
      },
      "geometry": {
        "type": "Point",
        "coordinates": [
          -54.75,
          -21.5
        ]
      }
    },
    {
      "type": "Feature",
      "properties": {
        "scene": "21S57_"
      },
      "geometry": {
        "type": "Point",
        "coordinates": [
          -56.25,
          -21.5
        ]
      }
    },
    {
      "type": "Feature",
      "properties": {
        "scene": "21S585"
      },
      "geometry": {
        "type": "Point",
        "coordinates": [
          -57.75,
          -21.5
        ]
      }
    },
    {
      "type": "Feature",
      "properties": {
        "scene": "22S42_"
      },
      "geometry": {
        "type": "Point",
        "coordinates": [
          -41.25,
          -22.5
        ]
      }
    },
    {
      "type": "Feature",
      "properties": {
        "scene": "22S435"
      },
      "geometry": {
        "type": "Point",
        "coordinates": [
          -42.75,
          -22.5
        ]
      }
    },
    {
      "type": "Feature",
      "properties": {
        "scene": "22S45_"
      },
      "geometry": {
        "type": "Point",
        "coordinates": [
          -44.25,
          -22.5
        ]
      }
    },
    {
      "type": "Feature",
      "properties": {
        "scene": "22S465"
      },
      "geometry": {
        "type": "Point",
        "coordinates": [
          -45.75,
          -22.5
        ]
      }
    },
    {
      "type": "Feature",
      "properties": {
        "scene": "22S48_"
      },
      "geometry": {
        "type": "Point",
        "coordinates": [
          -47.25,
          -22.5
        ]
      }
    },
    {
      "type": "Feature",
      "properties": {
        "scene": "22S495"
      },
      "geometry": {
        "type": "Point",
        "coordinates": [
          -48.75,
          -22.5
        ]
      }
    },
    {
      "type": "Feature",
      "properties": {
        "scene": "22S51_"
      },
      "geometry": {
        "type": "Point",
        "coordinates": [
          -50.25,
          -22.5
        ]
      }
    },
    {
      "type": "Feature",
      "properties": {
        "scene": "22S525"
      },
      "geometry": {
        "type": "Point",
        "coordinates": [
          -51.75,
          -22.5
        ]
      }
    },
    {
      "type": "Feature",
      "properties": {
        "scene": "22S54_"
      },
      "geometry": {
        "type": "Point",
        "coordinates": [
          -53.25,
          -22.5
        ]
      }
    },
    {
      "type": "Feature",
      "properties": {
        "scene": "22S555"
      },
      "geometry": {
        "type": "Point",
        "coordinates": [
          -54.75,
          -22.5
        ]
      }
    },
    {
      "type": "Feature",
      "properties": {
        "scene": "22S57_"
      },
      "geometry": {
        "type": "Point",
        "coordinates": [
          -56.25,
          -22.5
        ]
      }
    },
    {
      "type": "Feature",
      "properties": {
        "scene": "22S585"
      },
      "geometry": {
        "type": "Point",
        "coordinates": [
          -57.75,
          -22.5
        ]
      }
    },
    {
      "type": "Feature",
      "properties": {
        "scene": "23S435"
      },
      "geometry": {
        "type": "Point",
        "coordinates": [
          -42.75,
          -23.5
        ]
      }
    },
    {
      "type": "Feature",
      "properties": {
        "scene": "23S45_"
      },
      "geometry": {
        "type": "Point",
        "coordinates": [
          -44.25,
          -23.5
        ]
      }
    },
    {
      "type": "Feature",
      "properties": {
        "scene": "23S465"
      },
      "geometry": {
        "type": "Point",
        "coordinates": [
          -45.75,
          -23.625
        ]
      }
    },
    {
      "type": "Feature",
      "properties": {
        "scene": "23S48_"
      },
      "geometry": {
        "type": "Point",
        "coordinates": [
          -47.25,
          -23.5
        ]
      }
    },
    {
      "type": "Feature",
      "properties": {
        "scene": "23S495"
      },
      "geometry": {
        "type": "Point",
        "coordinates": [
          -48.75,
          -23.5
        ]
      }
    },
    {
      "type": "Feature",
      "properties": {
        "scene": "23S51_"
      },
      "geometry": {
        "type": "Point",
        "coordinates": [
          -50.25,
          -23.5
        ]
      }
    },
    {
      "type": "Feature",
      "properties": {
        "scene": "23S525"
      },
      "geometry": {
        "type": "Point",
        "coordinates": [
          -51.75,
          -23.5
        ]
      }
    },
    {
      "type": "Feature",
      "properties": {
        "scene": "23S54_"
      },
      "geometry": {
        "type": "Point",
        "coordinates": [
          -53.25,
          -23.5
        ]
      }
    },
    {
      "type": "Feature",
      "properties": {
        "scene": "23S555"
      },
      "geometry": {
        "type": "Point",
        "coordinates": [
          -54.75,
          -23.5
        ]
      }
    },
    {
      "type": "Feature",
      "properties": {
        "scene": "23S57_"
      },
      "geometry": {
        "type": "Point",
        "coordinates": [
          -56.25,
          -23.5
        ]
      }
    },
    {
      "type": "Feature",
      "properties": {
        "scene": "24S48_"
      },
      "geometry": {
        "type": "Point",
        "coordinates": [
          -47.25,
          -24.625
        ]
      }
    },
    {
      "type": "Feature",
      "properties": {
        "scene": "24S495"
      },
      "geometry": {
        "type": "Point",
        "coordinates": [
          -48.75,
          -24.5
        ]
      }
    },
    {
      "type": "Feature",
      "properties": {
        "scene": "24S51_"
      },
      "geometry": {
        "type": "Point",
        "coordinates": [
          -50.25,
          -24.5
        ]
      }
    },
    {
      "type": "Feature",
      "properties": {
        "scene": "24S525"
      },
      "geometry": {
        "type": "Point",
        "coordinates": [
          -51.75,
          -24.5
        ]
      }
    },
    {
      "type": "Feature",
      "properties": {
        "scene": "24S54_"
      },
      "geometry": {
        "type": "Point",
        "coordinates": [
          -53.25,
          -24.5
        ]
      }
    },
    {
      "type": "Feature",
      "properties": {
        "scene": "24S555"
      },
      "geometry": {
        "type": "Point",
        "coordinates": [
          -54.75,
          -24.5
        ]
      }
    },
    {
      "type": "Feature",
      "properties": {
        "scene": "02N51_"
      },
      "geometry": {
        "type": "Point",
        "coordinates": [
          -50.25,
          1.5
        ]
      }
    },
    {
      "type": "Feature",
      "properties": {
        "scene": "02N525"
      },
      "geometry": {
        "type": "Point",
        "coordinates": [
          -51.75,
          1.5
        ]
      }
    },
    {
      "type": "Feature",
      "properties": {
        "scene": "25S495"
      },
      "geometry": {
        "type": "Point",
        "coordinates": [
          -48.75,
          -25.5
        ]
      }
    },
    {
      "type": "Feature",
      "properties": {
        "scene": "02N54_"
      },
      "geometry": {
        "type": "Point",
        "coordinates": [
          -53.25,
          1.5
        ]
      }
    },
    {
      "type": "Feature",
      "properties": {
        "scene": "25S51_"
      },
      "geometry": {
        "type": "Point",
        "coordinates": [
          -50.25,
          -25.5
        ]
      }
    },
    {
      "type": "Feature",
      "properties": {
        "scene": "25S525"
      },
      "geometry": {
        "type": "Point",
        "coordinates": [
          -51.75,
          -25.5
        ]
      }
    },
    {
      "type": "Feature",
      "properties": {
        "scene": "25S54_"
      },
      "geometry": {
        "type": "Point",
        "coordinates": [
          -53.25,
          -25.5
        ]
      }
    },
    {
      "type": "Feature",
      "properties": {
        "scene": "25S555"
      },
      "geometry": {
        "type": "Point",
        "coordinates": [
          -54.75,
          -25.5
        ]
      }
    },
    {
      "type": "Feature",
      "properties": {
        "scene": "02N555"
      },
      "geometry": {
        "type": "Point",
        "coordinates": [
          -54.75,
          1.5
        ]
      }
    },
    {
      "type": "Feature",
      "properties": {
        "scene": "02N57_"
      },
      "geometry": {
        "type": "Point",
        "coordinates": [
          -56.25,
          1.5
        ]
      }
    },
    {
      "type": "Feature",
      "properties": {
        "scene": "02N585"
      },
      "geometry": {
        "type": "Point",
        "coordinates": [
          -57.75,
          1.5
        ]
      }
    },
    {
      "type": "Feature",
      "properties": {
        "scene": "02N60_"
      },
      "geometry": {
        "type": "Point",
        "coordinates": [
          -59.25,
          1.5
        ]
      }
    },
    {
      "type": "Feature",
      "properties": {
        "scene": "02N615"
      },
      "geometry": {
        "type": "Point",
        "coordinates": [
          -60.75,
          1.5
        ]
      }
    },
    {
      "type": "Feature",
      "properties": {
        "scene": "02N63_"
      },
      "geometry": {
        "type": "Point",
        "coordinates": [
          -62.25,
          1.5
        ]
      }
    },
    {
      "type": "Feature",
      "properties": {
        "scene": "02N645"
      },
      "geometry": {
        "type": "Point",
        "coordinates": [
          -63.75,
          1.5
        ]
      }
    },
    {
      "type": "Feature",
      "properties": {
        "scene": "26S495"
      },
      "geometry": {
        "type": "Point",
        "coordinates": [
          -48.75,
          -26.5
        ]
      }
    },
    {
      "type": "Feature",
      "properties": {
        "scene": "26S51_"
      },
      "geometry": {
        "type": "Point",
        "coordinates": [
          -50.25,
          -26.5
        ]
      }
    },
    {
      "type": "Feature",
      "properties": {
        "scene": "26S525"
      },
      "geometry": {
        "type": "Point",
        "coordinates": [
          -51.75,
          -26.5
        ]
      }
    },
    {
      "type": "Feature",
      "properties": {
        "scene": "26S54_"
      },
      "geometry": {
        "type": "Point",
        "coordinates": [
          -53.25,
          -26.5
        ]
      }
    },
    {
      "type": "Feature",
      "properties": {
        "scene": "02N66_"
      },
      "geometry": {
        "type": "Point",
        "coordinates": [
          -65.25,
          1.5
        ]
      }
    },
    {
      "type": "Feature",
      "properties": {
        "scene": "02N675"
      },
      "geometry": {
        "type": "Point",
        "coordinates": [
          -66.75,
          1.5
        ]
      }
    },
    {
      "type": "Feature",
      "properties": {
        "scene": "02N69_"
      },
      "geometry": {
        "type": "Point",
        "coordinates": [
          -68.25,
          1.5
        ]
      }
    },
    {
      "type": "Feature",
      "properties": {
        "scene": "02N705"
      },
      "geometry": {
        "type": "Point",
        "coordinates": [
          -69.75,
          1.5
        ]
      }
    },
    {
      "type": "Feature",
      "properties": {
        "scene": "27S495"
      },
      "geometry": {
        "type": "Point",
        "coordinates": [
          -48.75,
          -27.5
        ]
      }
    },
    {
      "type": "Feature",
      "properties": {
        "scene": "27S51_"
      },
      "geometry": {
        "type": "Point",
        "coordinates": [
          -50.25,
          -27.5
        ]
      }
    },
    {
      "type": "Feature",
      "properties": {
        "scene": "27S525"
      },
      "geometry": {
        "type": "Point",
        "coordinates": [
          -51.75,
          -27.5
        ]
      }
    },
    {
      "type": "Feature",
      "properties": {
        "scene": "27S54_"
      },
      "geometry": {
        "type": "Point",
        "coordinates": [
          -53.25,
          -27.5
        ]
      }
    },
    {
      "type": "Feature",
      "properties": {
        "scene": "27S555"
      },
      "geometry": {
        "type": "Point",
        "coordinates": [
          -54.75,
          -27.5
        ]
      }
    },
    {
      "type": "Feature",
      "properties": {
        "scene": "28S495"
      },
      "geometry": {
        "type": "Point",
        "coordinates": [
          -48.75,
          -28.5
        ]
      }
    },
    {
      "type": "Feature",
      "properties": {
        "scene": "28S51_"
      },
      "geometry": {
        "type": "Point",
        "coordinates": [
          -50.25,
          -28.5
        ]
      }
    },
    {
      "type": "Feature",
      "properties": {
        "scene": "28S525"
      },
      "geometry": {
        "type": "Point",
        "coordinates": [
          -51.75,
          -28.5
        ]
      }
    },
    {
      "type": "Feature",
      "properties": {
        "scene": "28S54_"
      },
      "geometry": {
        "type": "Point",
        "coordinates": [
          -53.25,
          -28.5
        ]
      }
    },
    {
      "type": "Feature",
      "properties": {
        "scene": "28S555"
      },
      "geometry": {
        "type": "Point",
        "coordinates": [
          -54.75,
          -28.5
        ]
      }
    },
    {
      "type": "Feature",
      "properties": {
        "scene": "28S57_"
      },
      "geometry": {
        "type": "Point",
        "coordinates": [
          -56.25,
          -28.5
        ]
      }
    },
    {
      "type": "Feature",
      "properties": {
        "scene": "29S495"
      },
      "geometry": {
        "type": "Point",
        "coordinates": [
          -48.75,
          -29.5
        ]
      }
    },
    {
      "type": "Feature",
      "properties": {
        "scene": "29S51_"
      },
      "geometry": {
        "type": "Point",
        "coordinates": [
          -50.25,
          -29.5
        ]
      }
    },
    {
      "type": "Feature",
      "properties": {
        "scene": "29S525"
      },
      "geometry": {
        "type": "Point",
        "coordinates": [
          -51.75,
          -29.5
        ]
      }
    },
    {
      "type": "Feature",
      "properties": {
        "scene": "29S54_"
      },
      "geometry": {
        "type": "Point",
        "coordinates": [
          -53.25,
          -29.5
        ]
      }
    },
    {
      "type": "Feature",
      "properties": {
        "scene": "29S555"
      },
      "geometry": {
        "type": "Point",
        "coordinates": [
          -54.75,
          -29.5
        ]
      }
    },
    {
      "type": "Feature",
      "properties": {
        "scene": "29S57_"
      },
      "geometry": {
        "type": "Point",
        "coordinates": [
          -56.25,
          -29.5
        ]
      }
    },
    {
      "type": "Feature",
      "properties": {
        "scene": "29S585"
      },
      "geometry": {
        "type": "Point",
        "coordinates": [
          -57.75,
          -29.5
        ]
      }
    },
    {
      "type": "Feature",
      "properties": {
        "scene": "30S51_"
      },
      "geometry": {
        "type": "Point",
        "coordinates": [
          -50.25,
          -30.5
        ]
      }
    },
    {
      "type": "Feature",
      "properties": {
        "scene": "30S525"
      },
      "geometry": {
        "type": "Point",
        "coordinates": [
          -51.75,
          -30.5
        ]
      }
    },
    {
      "type": "Feature",
      "properties": {
        "scene": "30S54_"
      },
      "geometry": {
        "type": "Point",
        "coordinates": [
          -53.25,
          -30.5
        ]
      }
    },
    {
      "type": "Feature",
      "properties": {
        "scene": "30S555"
      },
      "geometry": {
        "type": "Point",
        "coordinates": [
          -54.75,
          -30.5
        ]
      }
    },
    {
      "type": "Feature",
      "properties": {
        "scene": "30S57_"
      },
      "geometry": {
        "type": "Point",
        "coordinates": [
          -56.25,
          -30.5
        ]
      }
    },
    {
      "type": "Feature",
      "properties": {
        "scene": "30S585"
      },
      "geometry": {
        "type": "Point",
        "coordinates": [
          -57.75,
          -30.5
        ]
      }
    },
    {
      "type": "Feature",
      "properties": {
        "scene": "31S51_"
      },
      "geometry": {
        "type": "Point",
        "coordinates": [
          -50.25,
          -31.5
        ]
      }
    },
    {
      "type": "Feature",
      "properties": {
        "scene": "31S525"
      },
      "geometry": {
        "type": "Point",
        "coordinates": [
          -51.75,
          -31.5
        ]
      }
    },
    {
      "type": "Feature",
      "properties": {
        "scene": "31S54_"
      },
      "geometry": {
        "type": "Point",
        "coordinates": [
          -53.25,
          -31.5
        ]
      }
    },
    {
      "type": "Feature",
      "properties": {
        "scene": "31S555"
      },
      "geometry": {
        "type": "Point",
        "coordinates": [
          -54.75,
          -31.5
        ]
      }
    },
    {
      "type": "Feature",
      "properties": {
        "scene": "31S57_"
      },
      "geometry": {
        "type": "Point",
        "coordinates": [
          -56.25,
          -31.5
        ]
      }
    },
    {
      "type": "Feature",
      "properties": {
        "scene": "32S525"
      },
      "geometry": {
        "type": "Point",
        "coordinates": [
          -51.75,
          -32.5
        ]
      }
    },
    {
      "type": "Feature",
      "properties": {
        "scene": "32S54_"
      },
      "geometry": {
        "type": "Point",
        "coordinates": [
          -53.25,
          -32.5
        ]
      }
    },
    {
      "type": "Feature",
      "properties": {
        "scene": "33S54_"
      },
      "geometry": {
        "type": "Point",
        "coordinates": [
          -53.25,
          -33.5
        ]
      }
    },
    {
      "type": "Feature",
      "properties": {
        "scene": "03N51_"
      },
      "geometry": {
        "type": "Point",
        "coordinates": [
          -50.25,
          2.5
        ]
      }
    },
    {
      "type": "Feature",
      "properties": {
        "scene": "03N525"
      },
      "geometry": {
        "type": "Point",
        "coordinates": [
          -51.75,
          2.5
        ]
      }
    },
    {
      "type": "Feature",
      "properties": {
        "scene": "03N54_"
      },
      "geometry": {
        "type": "Point",
        "coordinates": [
          -53.25,
          2.5
        ]
      }
    },
    {
      "type": "Feature",
      "properties": {
        "scene": "03N555"
      },
      "geometry": {
        "type": "Point",
        "coordinates": [
          -54.75,
          2.5
        ]
      }
    },
    {
      "type": "Feature",
      "properties": {
        "scene": "03N57_"
      },
      "geometry": {
        "type": "Point",
        "coordinates": [
          -56.25,
          2.5
        ]
      }
    },
    {
      "type": "Feature",
      "properties": {
        "scene": "03N585"
      },
      "geometry": {
        "type": "Point",
        "coordinates": [
          -57.75,
          2.5
        ]
      }
    },
    {
      "type": "Feature",
      "properties": {
        "scene": "03N60_"
      },
      "geometry": {
        "type": "Point",
        "coordinates": [
          -59.25,
          2.5
        ]
      }
    },
    {
      "type": "Feature",
      "properties": {
        "scene": "03N615"
      },
      "geometry": {
        "type": "Point",
        "coordinates": [
          -60.75,
          2.5
        ]
      }
    },
    {
      "type": "Feature",
      "properties": {
        "scene": "03N63_"
      },
      "geometry": {
        "type": "Point",
        "coordinates": [
          -62.25,
          2.5
        ]
      }
    },
    {
      "type": "Feature",
      "properties": {
        "scene": "03N645"
      },
      "geometry": {
        "type": "Point",
        "coordinates": [
          -63.75,
          2.5
        ]
      }
    },
    {
      "type": "Feature",
      "properties": {
        "scene": "03N675"
      },
      "geometry": {
        "type": "Point",
        "coordinates": [
          -66.75,
          2.5
        ]
      }
    },
    {
      "type": "Feature",
      "properties": {
        "scene": "03N69_"
      },
      "geometry": {
        "type": "Point",
        "coordinates": [
          -68.25,
          2.5
        ]
      }
    },
    {
      "type": "Feature",
      "properties": {
        "scene": "04N51_"
      },
      "geometry": {
        "type": "Point",
        "coordinates": [
          -50.25,
          3.5
        ]
      }
    },
    {
      "type": "Feature",
      "properties": {
        "scene": "04N525"
      },
      "geometry": {
        "type": "Point",
        "coordinates": [
          -51.75,
          3.5
        ]
      }
    },
    {
      "type": "Feature",
      "properties": {
        "scene": "04N60_"
      },
      "geometry": {
        "type": "Point",
        "coordinates": [
          -59.25,
          3.5
        ]
      }
    },
    {
      "type": "Feature",
      "properties": {
        "scene": "04N615"
      },
      "geometry": {
        "type": "Point",
        "coordinates": [
          -60.75,
          3.5
        ]
      }
    },
    {
      "type": "Feature",
      "properties": {
        "scene": "04N63_"
      },
      "geometry": {
        "type": "Point",
        "coordinates": [
          -62.25,
          3.5
        ]
      }
    },
    {
      "type": "Feature",
      "properties": {
        "scene": "04N645"
      },
      "geometry": {
        "type": "Point",
        "coordinates": [
          -63.75,
          3.5
        ]
      }
    },
    {
      "type": "Feature",
      "properties": {
        "scene": "04N66_"
      },
      "geometry": {
        "type": "Point",
        "coordinates": [
          -65.25,
          3.5
        ]
      }
    },
    {
      "type": "Feature",
      "properties": {
        "scene": "05N525"
      },
      "geometry": {
        "type": "Point",
        "coordinates": [
          -51.75,
          4.5
        ]
      }
    },
    {
      "type": "Feature",
      "properties": {
        "scene": "05N60_"
      },
      "geometry": {
        "type": "Point",
        "coordinates": [
          -59.25,
          4.5
        ]
      }
    },
    {
      "type": "Feature",
      "properties": {
        "scene": "05N615"
      },
      "geometry": {
        "type": "Point",
        "coordinates": [
          -60.75,
          4.5
        ]
      }
    },
    {
      "type": "Feature",
      "properties": {
        "scene": "05N63_"
      },
      "geometry": {
        "type": "Point",
        "coordinates": [
          -62.25,
          4.5
        ]
      }
    },
    {
      "type": "Feature",
      "properties": {
        "scene": "05N645"
      },
      "geometry": {
        "type": "Point",
        "coordinates": [
          -63.75,
          4.5
        ]
      }
    },
    {
      "type": "Feature",
      "properties": {
        "scene": "05N66_"
      },
      "geometry": {
        "type": "Point",
        "coordinates": [
          -65.25,
          4.5
        ]
      }
    },
    {
      "type": "Feature",
      "properties": {
        "scene": "06N615"
      },
      "geometry": {
        "type": "Point",
        "coordinates": [
          -60.75,
          5.5
        ]
      }
    },
    {
      "type": "Feature",
      "properties": {
        "scene": "01S45_"
      },
      "geometry": {
        "type": "Point",
        "coordinates": [
          -44.2499981,
          -1.5
        ]
      }
    },
    {
      "type": "Feature",
      "properties": {
        "scene": "05S36_"
      },
      "geometry": {
        "type": "Point",
        "coordinates": [
          -35.2499981,
          -5.5
        ]
      }
    },
    {
      "type": "Feature",
      "properties": {
        "scene": "09S36_"
      },
      "geometry": {
        "type": "Point",
        "coordinates": [
          -35.2499981,
          -9.4999995
        ]
      }
    },
    {
      "type": "Feature",
      "properties": {
        "scene": "11S375"
      },
      "geometry": {
        "type": "Point",
        "coordinates": [
          -36.7499981,
          -11.4999995
        ]
      }
    }
  ]
}
